
/*!40101 SET @OLD_CHARACTER_SET_CLIENT=@@CHARACTER_SET_CLIENT */;
/*!40101 SET @OLD_CHARACTER_SET_RESULTS=@@CHARACTER_SET_RESULTS */;
/*!40101 SET @OLD_COLLATION_CONNECTION=@@COLLATION_CONNECTION */;
/*!40101 SET NAMES utf8mb4 */;
/*!40103 SET @OLD_TIME_ZONE=@@TIME_ZONE */;
/*!40103 SET TIME_ZONE='+00:00' */;
/*!40014 SET @OLD_UNIQUE_CHECKS=@@UNIQUE_CHECKS, UNIQUE_CHECKS=0 */;
/*!40014 SET @OLD_FOREIGN_KEY_CHECKS=@@FOREIGN_KEY_CHECKS, FOREIGN_KEY_CHECKS=0 */;
/*!40101 SET @OLD_SQL_MODE=@@SQL_MODE, SQL_MODE='NO_AUTO_VALUE_ON_ZERO' */;
/*!40111 SET @OLD_SQL_NOTES=@@SQL_NOTES, SQL_NOTES=0 */;
DROP TABLE IF EXISTS `archives`;
/*!40101 SET @saved_cs_client     = @@character_set_client */;
/*!40101 SET character_set_client = utf8 */;
CREATE TABLE `archives` (
  `id` bigint(20) unsigned NOT NULL AUTO_INCREMENT,
  `product_id` int(10) unsigned NOT NULL,
  `location_id` int(10) unsigned NOT NULL,
  `customer_id` int(10) unsigned DEFAULT NULL,
  `supplier_id` int(10) unsigned DEFAULT NULL,
  `date` date NOT NULL,
  `quantity` int(11) NOT NULL,
  `comment` varchar(255) COLLATE utf8mb4_unicode_ci DEFAULT NULL,
  `created_by` int(10) unsigned NOT NULL,
  `created_at` timestamp NULL DEFAULT NULL,
  `updated_at` timestamp NULL DEFAULT NULL,
  PRIMARY KEY (`id`)
) ENGINE=InnoDB DEFAULT CHARSET=utf8mb4 COLLATE=utf8mb4_unicode_ci;
/*!40101 SET character_set_client = @saved_cs_client */;

LOCK TABLES `archives` WRITE;
/*!40000 ALTER TABLE `archives` DISABLE KEYS */;
/*!40000 ALTER TABLE `archives` ENABLE KEYS */;
UNLOCK TABLES;
DROP TABLE IF EXISTS `customers`;
/*!40101 SET @saved_cs_client     = @@character_set_client */;
/*!40101 SET character_set_client = utf8 */;
CREATE TABLE `customers` (
  `id` int(10) unsigned NOT NULL AUTO_INCREMENT,
  `name` varchar(255) COLLATE utf8mb4_unicode_ci NOT NULL,
  `khmer` varchar(255) COLLATE utf8mb4_unicode_ci DEFAULT '',
  `status` enum('active','inactive') COLLATE utf8mb4_unicode_ci NOT NULL DEFAULT 'active',
  `created_at` timestamp NULL DEFAULT NULL,
  `updated_at` timestamp NULL DEFAULT NULL,
  PRIMARY KEY (`id`),
  UNIQUE KEY `customers_name_unique` (`name`),
  UNIQUE KEY `customers_khmer_unique` (`khmer`)
) ENGINE=InnoDB AUTO_INCREMENT=51 DEFAULT CHARSET=utf8mb4 COLLATE=utf8mb4_unicode_ci;
/*!40101 SET character_set_client = @saved_cs_client */;

LOCK TABLES `customers` WRITE;
/*!40000 ALTER TABLE `customers` DISABLE KEYS */;
INSERT INTO `customers` VALUES (1,'Lorng','អុីល័ង','active','2020-03-07 05:25:33','2020-03-07 05:25:33'),(2,'Ai Ling','អាយលីញ','active','2020-03-07 05:25:33','2020-03-07 05:25:33'),(3,'Hea Mab','ហ៊ាម៉ាប់','active','2020-03-07 05:25:33','2020-03-07 05:25:33'),(4,'Hir Kir','ហ៊ាគឺ','active','2020-03-07 05:25:33','2020-03-07 05:25:33'),(5,'Je Yi','ចែយី (ពស់ វែក)','active','2020-03-07 05:25:33','2020-03-07 05:25:33'),(6,'Je Lang ','ចែឡាង','active','2020-03-07 05:25:33','2020-03-07 05:25:33'),(7,'Jomrerng Thet ','ចំរើនធាតុ','active','2020-03-07 05:25:33','2020-03-07 05:25:33'),(8,'Pu Bakheng','ពូបាក់ខែង','active','2020-03-07 05:25:33','2020-03-07 05:25:33'),(9,'Kbal Thnol','ក្បាលថ្នល់','active','2020-03-07 05:25:33','2020-03-07 05:25:33'),(10,'Je Yean','ចែយៀន','active','2020-03-07 05:25:33','2020-03-07 05:25:33'),(11,'Home','ផ្ទះ','active','2020-03-07 05:25:33','2020-03-07 05:25:33'),(12,'MD','អឹមដេរ','active','2020-03-07 05:25:33','2020-03-07 05:25:33'),(13,'Forstar','ហ្វរស្តារ','active','2020-03-07 05:25:33','2020-03-07 05:25:33'),(14,'Heng Hirng ','ហេងហៀង','active','2020-03-07 05:25:33','2020-03-07 05:25:33'),(15,'Meng Surn','ម៉េងស៊ុន','active','2020-03-07 05:25:33','2020-03-07 05:25:33'),(16,'O Dorm','អូដឹម','active','2020-03-07 05:25:33','2020-03-07 05:25:33'),(17,'Channy','ច៊ាន់នី','active','2020-03-07 05:25:33','2020-03-07 05:25:33'),(18,'Hir Meng','ហ៊ាម៉េង','active','2020-03-07 05:25:33','2020-03-07 05:25:33'),(19,'Bat Deung','បាត់ដឹង','active','2020-03-07 05:25:33','2020-03-07 05:25:33'),(20,'Sang Heng','សាំងហេង','active','2020-03-07 05:25:33','2020-03-07 05:25:33'),(21,'Coca-Cola ','កូកាកូឡា','active','2020-03-07 05:25:33','2020-03-07 05:25:33'),(22,'Je Oci (Chen)','ចែចិន','active','2020-03-07 05:25:33','2020-03-07 05:25:33'),(23,'Pu CRV','ពូ CRV','active','2020-03-07 05:25:33','2020-03-07 05:25:33'),(24,'Hir Heng','ហ៊ាហេង','active','2020-03-07 05:25:33','2020-03-07 05:25:33'),(25,'Pu Preah Vihear','ពូព្រះវិហារ','active','2020-03-07 05:25:33','2020-03-07 05:25:33'),(26,'Hok Kea','ហុក គា','active','2020-03-07 05:25:33','2020-03-07 05:25:33'),(27,'Hea Leang','ហ៊ាលាងស្វាយ','active','2020-03-07 05:25:33','2020-03-07 05:25:33'),(28,'Acid Hea Phol','អាស៊ីតហ៊ាផល','active','2020-03-07 05:25:33','2020-03-07 05:25:33'),(29,'Sim','ស៊ីម','active','2020-03-07 05:25:33','2020-03-07 05:25:33'),(30,'Sim+Leang','ស៊ីម+លាំង','active','2020-03-07 05:25:33','2020-03-07 05:25:33'),(31,'Prek Sday','ព្រែកស្តី','active','2020-03-07 05:25:33','2020-03-07 05:25:33'),(32,'W Rith','ហ៊ារិត (ស្រាដំរី)','active','2020-03-07 05:25:33','2020-03-07 05:25:33'),(33,'Chek Chay','ចឹកឆាយ','active','2020-03-07 05:25:33','2020-03-07 05:25:33'),(34,'Samaki','សាមគ្គី','active','2020-03-07 05:25:33','2020-03-07 05:25:33'),(35,'Hea Mab Beer','ហ៊ាម៉ាប់ បៀរ','active','2020-04-11 06:50:28','2020-04-11 06:50:28'),(36,'Angkor Hospital for Children','ពេទ្យ កុមារអង្គរ','active','2020-04-20 12:08:54','2020-04-20 12:08:54'),(37,'Heineken_Tiger_CBL',NULL,'active','2020-04-23 09:50:09','2020-04-23 09:50:09'),(38,'Prei Thea','ព្រៃទារ','active','2020-04-28 10:41:03','2020-04-28 10:41:03'),(39,'Yi (Storng)','យី (ស្ទោង)','active','2020-04-28 10:41:03','2020-04-28 10:41:03'),(40,'Mom (Storng)','មុំ (ស្ទោង)','active','2020-04-28 10:41:03','2020-04-28 10:41:03'),(41,'Kea (Storng)','គារ (ស្ទោង)','active','2020-04-28 10:41:03','2020-04-28 10:41:03'),(42,'Leang (Sloth)','លាំង-រញី','active','2020-04-28 10:41:03','2020-04-28 10:41:03'),(43,'Chaom Chau','ចោមចៅ','active','2020-05-04 14:03:21','2020-05-04 14:03:21'),(44,'Keng (Storng)','ខេង (ស្ទោង)','active','2020-06-05 05:31:21','2020-06-05 05:31:21'),(45,'Meng Keat','ម៉េងគៀត','active','2020-06-05 05:31:21','2020-06-05 05:31:21'),(46,'Tey','តី','active','2020-06-05 05:31:21','2020-06-05 05:31:21'),(47,'Chom Rern Teat','ចំរេីនធាតុ','active','2020-06-05 05:31:21','2020-06-05 05:31:21'),(48,'Sor Mak Pheak','សោ ម៉ាក់ ភ័ក្រ្ត','active','2020-06-05 05:31:21','2020-06-05 05:31:21'),(49,'SKD',NULL,'active','2020-06-05 05:31:21','2020-06-05 05:31:21'),(50,'Khmer Fresh Milk',NULL,'active','2020-06-05 05:31:21','2020-06-05 05:31:21');
/*!40000 ALTER TABLE `customers` ENABLE KEYS */;
UNLOCK TABLES;
DROP TABLE IF EXISTS `inventories`;
/*!40101 SET @saved_cs_client     = @@character_set_client */;
/*!40101 SET character_set_client = utf8 */;
CREATE TABLE `inventories` (
  `id` bigint(20) unsigned NOT NULL AUTO_INCREMENT,
  `product_id` int(10) unsigned NOT NULL,
  `location_id` int(10) unsigned NOT NULL,
  `customer_id` int(10) unsigned DEFAULT NULL,
  `supplier_id` int(10) unsigned DEFAULT NULL,
  `date` date NOT NULL,
  `quantity` int(11) NOT NULL,
  `comment` varchar(255) COLLATE utf8mb4_unicode_ci DEFAULT NULL,
  `created_by` int(10) unsigned NOT NULL,
  `created_at` timestamp NULL DEFAULT NULL,
  `updated_at` timestamp NULL DEFAULT NULL,
  `deleted_at` timestamp NULL DEFAULT NULL,
  PRIMARY KEY (`id`),
  KEY `inventories_product_id_foreign` (`product_id`),
  KEY `inventories_location_id_foreign` (`location_id`),
  KEY `inventories_customer_id_foreign` (`customer_id`),
  KEY `inventories_created_by_foreign` (`created_by`),
  KEY `inventories_supplier_id_foreign` (`supplier_id`),
  CONSTRAINT `inventories_created_by_foreign` FOREIGN KEY (`created_by`) REFERENCES `users` (`id`) ON DELETE CASCADE,
  CONSTRAINT `inventories_customer_id_foreign` FOREIGN KEY (`customer_id`) REFERENCES `customers` (`id`) ON DELETE SET NULL,
  CONSTRAINT `inventories_location_id_foreign` FOREIGN KEY (`location_id`) REFERENCES `locations` (`id`) ON DELETE CASCADE,
  CONSTRAINT `inventories_product_id_foreign` FOREIGN KEY (`product_id`) REFERENCES `products` (`id`) ON DELETE CASCADE,
  CONSTRAINT `inventories_supplier_id_foreign` FOREIGN KEY (`supplier_id`) REFERENCES `suppliers` (`id`) ON DELETE SET NULL
) ENGINE=InnoDB AUTO_INCREMENT=1146 DEFAULT CHARSET=utf8mb4 COLLATE=utf8mb4_unicode_ci;
/*!40101 SET character_set_client = @saved_cs_client */;

LOCK TABLES `inventories` WRITE;
/*!40000 ALTER TABLE `inventories` DISABLE KEYS */;
INSERT INTO `inventories` VALUES (5,1,1,NULL,NULL,'2020-04-11',160,NULL,1,'2020-04-11 02:30:53','2020-04-11 02:30:53',NULL),(6,2,1,NULL,NULL,'2020-04-11',50,NULL,1,'2020-04-11 02:32:32','2020-04-11 02:32:32',NULL),(12,28,1,NULL,NULL,'2020-04-11',100,NULL,1,'2020-04-11 21:24:26','2020-04-11 21:24:26',NULL),(13,28,1,25,NULL,'2020-04-11',-20,NULL,1,'2020-04-11 21:26:01','2020-04-11 21:26:01',NULL),(14,7,1,NULL,NULL,'2020-04-09',28,NULL,1,'2020-04-12 07:51:41','2020-04-12 07:51:41',NULL),(16,1,1,11,NULL,'2020-04-13',-20,NULL,1,'2020-04-12 20:59:41','2020-04-12 20:59:41',NULL),(17,2,1,9,NULL,'2020-04-13',-20,NULL,1,'2020-04-12 21:01:34','2020-04-12 21:01:34',NULL),(18,2,1,35,NULL,'2020-04-11',-10,NULL,1,'2020-04-13 03:16:48','2020-04-13 03:16:48',NULL),(19,2,1,11,NULL,'2020-04-14',-20,NULL,4,'2020-04-13 21:58:44','2020-04-13 21:58:44',NULL),(20,37,1,NULL,NULL,'2020-04-14',20,NULL,1,'2020-04-14 01:24:15','2020-04-14 01:24:15',NULL),(21,37,1,3,NULL,'2020-04-14',-15,NULL,1,'2020-04-14 01:25:26','2020-04-14 01:25:26',NULL),(22,9,1,NULL,NULL,'2020-04-09',4,NULL,1,'2020-04-14 01:28:03','2020-04-14 01:28:03',NULL),(23,9,1,NULL,NULL,'2020-04-14',10,NULL,1,'2020-04-14 01:28:51','2020-04-14 01:28:51',NULL),(24,42,1,NULL,NULL,'2020-04-09',2,NULL,1,'2020-04-14 01:31:06','2020-04-14 01:31:06',NULL),(28,41,1,NULL,NULL,'2020-04-14',4,NULL,1,'2020-04-14 01:35:57','2020-04-14 01:35:57',NULL),(29,45,1,NULL,NULL,'2020-04-14',4,NULL,4,'2020-04-14 02:20:07','2020-04-14 02:20:07',NULL),(30,46,1,NULL,NULL,'2020-04-09',1,NULL,4,'2020-04-14 02:20:55','2020-04-14 02:20:55',NULL),(31,1,1,11,NULL,'2020-04-15',-25,NULL,1,'2020-04-15 07:40:56','2020-04-15 07:40:56',NULL),(34,1,1,11,NULL,'2020-04-16',-20,NULL,1,'2020-04-15 20:51:56','2020-04-15 20:51:56',NULL),(35,1,1,11,NULL,'2020-04-16',-10,NULL,1,'2020-04-15 23:35:01','2020-04-15 23:35:01',NULL),(36,2,4,NULL,NULL,'2020-04-02',190,NULL,1,'2020-04-15 23:38:39','2020-04-15 23:38:39',NULL),(37,2,4,11,NULL,'2020-04-16',-25,NULL,1,'2020-04-15 23:39:24','2020-04-15 23:39:24',NULL),(38,21,1,NULL,NULL,'2020-04-16',280,NULL,1,'2020-04-15 23:40:57','2020-04-15 23:40:57',NULL),(39,15,1,NULL,NULL,'2020-04-09',1302,NULL,1,'2020-04-15 23:46:05','2020-04-15 23:46:05',NULL),(40,15,1,35,NULL,'2020-04-16',-200,NULL,1,'2020-04-15 23:47:38','2020-04-15 23:47:38',NULL),(41,2,4,11,NULL,'2020-04-16',-25,NULL,4,'2020-04-16 01:14:15','2020-04-16 01:14:15',NULL),(42,1,1,11,NULL,'2020-04-17',-40,NULL,1,'2020-04-17 03:42:06','2020-04-17 03:42:06',NULL),(43,1,1,2,NULL,'2020-04-17',-5,NULL,1,'2020-04-17 06:11:50','2020-04-17 06:11:50',NULL),(44,7,1,29,NULL,'2020-04-17',-5,NULL,1,'2020-04-17 06:15:06','2020-04-17 06:15:06',NULL),(45,9,1,29,NULL,'2020-04-17',-1,NULL,1,'2020-04-17 06:19:05','2020-04-17 06:19:05',NULL),(46,37,1,29,NULL,'2020-04-17',-1,NULL,1,'2020-04-17 06:21:07','2020-04-17 06:21:07',NULL),(47,13,1,NULL,NULL,'2020-04-09',10,NULL,1,'2020-04-17 06:22:52','2020-04-17 06:22:52',NULL),(48,13,1,29,NULL,'2020-04-17',-1,NULL,1,'2020-04-17 06:23:31','2020-04-17 06:23:31',NULL),(49,24,1,NULL,NULL,'2020-04-09',20,NULL,1,'2020-04-17 06:25:48','2020-04-17 06:25:48',NULL),(50,24,1,2,NULL,'2020-04-17',-2,NULL,1,'2020-04-17 06:26:14','2020-04-17 06:26:14',NULL),(51,14,1,NULL,NULL,'2020-04-05',3,NULL,1,'2020-04-17 07:31:09','2020-04-17 07:31:09',NULL),(52,14,1,2,NULL,'2020-04-17',-1,NULL,1,'2020-04-17 07:31:27','2020-04-17 07:31:27',NULL),(53,19,1,NULL,NULL,'2020-04-06',50,NULL,1,'2020-04-17 07:33:03','2020-04-17 07:33:03',NULL),(54,19,1,11,NULL,'2020-04-06',-3,NULL,1,'2020-04-17 07:33:36','2020-04-17 07:33:36',NULL),(55,19,1,11,NULL,'2020-04-17',-5,NULL,1,'2020-04-17 07:34:08','2020-04-17 07:34:08',NULL),(56,2,4,18,NULL,'2020-04-18',-20,NULL,1,'2020-04-18 01:26:20','2020-04-18 01:26:20',NULL),(57,2,4,11,NULL,'2020-04-18',-5,NULL,1,'2020-04-18 01:26:55','2020-04-18 01:26:55',NULL),(58,2,1,NULL,NULL,'2020-04-18',150,NULL,1,'2020-04-18 04:23:28','2020-04-18 04:23:28',NULL),(59,2,1,11,NULL,'2020-04-18',-30,NULL,1,'2020-04-18 04:24:00','2020-04-18 04:24:00',NULL),(60,21,1,NULL,NULL,'2020-04-17',19,NULL,1,'2020-04-18 12:49:24','2020-04-18 12:49:24',NULL),(62,21,1,NULL,NULL,'2020-04-18',-250,NULL,1,'2020-04-18 13:40:19','2020-04-18 13:40:19',NULL),(63,2,1,11,NULL,'2020-04-19',-20,NULL,1,'2020-04-19 01:06:19','2020-04-19 01:06:19',NULL),(64,47,1,NULL,NULL,'2020-04-09',22,NULL,1,'2020-04-19 01:08:34','2020-04-19 01:08:34',NULL),(65,47,1,29,NULL,'2020-04-17',-5,NULL,1,'2020-04-19 01:10:58','2020-04-19 01:10:58',NULL),(66,47,1,2,NULL,'2020-04-17',-3,NULL,1,'2020-04-19 01:11:28','2020-04-19 01:11:28',NULL),(68,19,1,NULL,NULL,'2020-04-20',-30,NULL,1,'2020-04-20 01:14:52','2020-04-20 01:14:52',NULL),(70,2,1,NULL,NULL,'2020-04-20',150,NULL,1,'2020-04-20 07:08:01','2020-04-20 07:08:01',NULL),(71,2,1,37,NULL,'2020-04-20',-108,'',1,'2020-04-20 07:09:31','2020-04-20 07:09:31',NULL),(72,2,1,11,NULL,'2020-04-20',-12,NULL,1,'2020-04-20 07:10:27','2020-04-20 07:10:27',NULL),(74,2,4,11,NULL,'2020-04-20',-25,NULL,1,'2020-04-20 07:15:56','2020-04-20 07:15:56',NULL),(75,23,1,NULL,NULL,'2020-04-20',32,NULL,1,'2020-04-20 07:31:55','2020-04-20 07:31:55',NULL),(77,23,1,11,NULL,'2020-04-20',-2,NULL,1,'2020-04-20 07:33:07','2020-04-20 07:33:07',NULL),(78,15,1,11,NULL,'2020-04-20',-6,NULL,1,'2020-04-20 07:34:09','2020-04-20 07:34:09',NULL),(79,5,1,NULL,NULL,'2020-04-20',53,NULL,1,'2020-04-20 07:43:01','2020-04-20 07:43:01',NULL),(80,5,1,11,NULL,'2020-04-20',-5,NULL,1,'2020-04-20 07:43:28','2020-04-20 07:43:28',NULL),(81,7,1,1,NULL,'2020-04-20',-5,NULL,1,'2020-04-20 07:45:03','2020-04-20 07:45:03',NULL),(82,26,1,NULL,NULL,'2020-04-20',55,NULL,1,'2020-04-20 07:49:18','2020-04-20 07:49:18',NULL),(83,26,1,1,NULL,'2020-04-20',-3,NULL,1,'2020-04-20 07:52:31','2020-04-20 07:52:31',NULL),(84,41,1,1,NULL,'2020-04-18',-1,NULL,1,'2020-04-20 07:54:36','2020-04-20 07:54:36',NULL),(85,6,1,NULL,NULL,'2020-04-20',71,NULL,1,'2020-04-20 07:59:07','2020-04-20 07:59:07',NULL),(86,10,1,NULL,NULL,'2020-04-20',13,NULL,1,'2020-04-20 08:00:23','2020-04-20 08:00:23',NULL),(87,31,1,NULL,NULL,'2020-04-20',5,NULL,1,'2020-04-20 08:01:28','2020-04-20 08:01:28',NULL),(89,5,1,22,NULL,'2020-04-21',-10,NULL,4,'2020-04-20 11:31:04','2020-04-20 11:31:04',NULL),(90,2,4,36,NULL,'2020-04-20',-50,NULL,4,'2020-04-20 12:12:09','2020-04-20 12:12:09',NULL),(91,2,1,NULL,NULL,'2020-04-21',150,NULL,1,'2020-04-21 01:21:12','2020-04-21 01:21:12',NULL),(92,2,1,3,NULL,'2020-04-21',-170,NULL,1,'2020-04-21 01:21:50','2020-04-21 01:21:50',NULL),(93,2,1,9,NULL,'2020-04-21',-20,NULL,1,'2020-04-21 01:22:43','2020-04-21 01:22:43',NULL),(94,2,1,11,NULL,'2020-04-21',-30,NULL,1,'2020-04-21 01:23:36','2020-04-21 01:23:36',NULL),(95,1,1,NULL,NULL,'2020-04-21',-30,NULL,1,'2020-04-21 06:34:43','2020-04-21 06:34:43',NULL),(96,19,1,NULL,NULL,'2020-04-21',50,NULL,1,'2020-04-21 12:50:24','2020-04-21 12:50:24',NULL),(97,2,1,NULL,NULL,'2020-04-22',200,NULL,1,'2020-04-21 12:51:22','2020-04-21 12:51:22',NULL),(98,2,1,3,NULL,'2020-04-22',-160,NULL,1,'2020-04-21 12:52:01','2020-04-21 12:52:01',NULL),(100,1,1,11,NULL,'2020-04-22',-10,NULL,1,'2020-04-22 03:32:32','2020-04-22 03:32:32',NULL),(101,2,1,11,NULL,'2020-04-22',-15,NULL,1,'2020-04-22 03:33:22','2020-04-22 03:33:22',NULL),(102,7,1,29,NULL,'2020-04-22',-10,NULL,1,'2020-04-22 03:38:00','2020-04-22 03:38:00',NULL),(103,47,1,29,NULL,'2020-04-22',-5,NULL,1,'2020-04-22 03:44:39','2020-04-22 03:44:39',NULL),(104,9,1,29,NULL,'2020-04-22',-1,NULL,1,'2020-04-22 03:46:11','2020-04-22 03:46:11',NULL),(105,21,1,NULL,NULL,'2020-04-21',30,NULL,1,'2020-04-22 09:23:22','2020-04-22 09:23:22',NULL),(108,21,1,11,NULL,'2020-04-22',-150,NULL,1,'2020-04-22 09:27:24','2020-04-22 09:27:24',NULL),(111,21,1,NULL,1,'2020-04-21',180,'',1,'2020-04-22 10:18:56','2020-04-22 10:18:56',NULL),(112,21,1,NULL,1,'2020-04-22',160,'',1,'2020-04-22 10:19:37','2020-04-22 10:19:37',NULL),(114,2,1,11,NULL,'2020-04-22',-40,NULL,1,'2020-04-22 12:32:57','2020-04-22 12:32:57',NULL),(115,6,1,29,NULL,'2020-04-23',-10,NULL,3,'2020-04-23 02:48:24','2020-04-23 02:48:24',NULL),(116,14,1,2,NULL,'2020-04-23',-2,NULL,3,'2020-04-23 02:49:48','2020-04-23 02:49:48',NULL),(117,24,1,2,NULL,'2020-04-23',-1,NULL,3,'2020-04-23 02:50:40','2020-04-23 02:50:40',NULL),(118,20,1,NULL,NULL,'2020-04-09',32,NULL,3,'2020-04-23 02:52:00','2020-04-23 02:52:00',NULL),(119,20,1,2,NULL,'2020-04-23',-2,NULL,3,'2020-04-23 02:52:17','2020-04-23 02:52:17',NULL),(120,15,1,3,NULL,'2020-04-23',-50,NULL,3,'2020-04-23 04:18:04','2020-04-23 04:18:04',NULL),(121,2,1,NULL,NULL,'2020-04-23',200,NULL,3,'2020-04-23 06:52:21','2020-04-23 06:52:21',NULL),(122,2,1,12,NULL,'2020-04-23',-40,NULL,3,'2020-04-23 06:54:12','2020-04-23 06:54:12',NULL),(123,2,1,11,NULL,'2020-04-23',-20,NULL,3,'2020-04-23 06:54:46','2020-04-23 06:54:46',NULL),(124,21,1,NULL,4,'2020-04-21',15,'',3,'2020-04-23 06:58:28','2020-04-23 06:58:28',NULL),(127,21,1,NULL,7,'2020-04-23',50,'',3,'2020-04-23 07:03:23','2020-04-23 07:03:23',NULL),(129,2,1,11,NULL,'2020-04-24',-50,NULL,4,'2020-04-24 04:19:28','2020-04-24 04:19:28',NULL),(130,2,1,NULL,NULL,'2020-04-24',200,NULL,4,'2020-04-24 04:21:00','2020-04-24 04:21:00',NULL),(131,2,1,3,NULL,'2020-04-24',-200,NULL,4,'2020-04-24 04:21:25','2020-04-24 04:21:25',NULL),(132,21,1,11,NULL,'2020-04-24',-100,NULL,4,'2020-04-24 04:31:08','2020-04-24 04:31:08',NULL),(133,20,1,11,NULL,'2020-04-24',-2,NULL,4,'2020-04-24 04:33:12','2020-04-24 04:33:12',NULL),(135,26,1,32,NULL,'2020-04-24',-5,NULL,4,'2020-04-24 04:42:44','2020-04-24 04:42:44',NULL),(138,2,1,11,NULL,'2020-04-24',-50,NULL,1,'2020-04-24 07:16:36','2020-04-24 07:16:36',NULL),(139,21,1,NULL,6,'2020-04-24',38,'',1,'2020-04-24 07:18:49','2020-04-24 07:18:49',NULL),(140,21,1,NULL,2,'2020-04-24',200,'',1,'2020-04-24 07:19:54','2020-04-24 07:19:54',NULL),(141,47,1,2,NULL,'2020-04-24',-5,NULL,1,'2020-04-24 07:47:01','2020-04-24 07:47:01',NULL),(142,9,1,2,NULL,'2020-04-24',-2,NULL,1,'2020-04-24 07:48:12','2020-04-24 07:48:12',NULL),(144,20,1,42,NULL,'2020-04-24',-5,'',1,'2020-04-24 07:50:26','2020-04-24 07:50:26',NULL),(146,4,1,NULL,NULL,'2020-04-09',60,NULL,3,'2020-04-25 07:10:05','2020-04-25 07:10:05',NULL),(147,4,1,22,NULL,'2020-04-10',-20,NULL,3,'2020-04-25 07:10:29','2020-04-25 07:10:29',NULL),(148,4,1,22,NULL,'2020-04-25',-20,NULL,3,'2020-04-25 07:10:57','2020-04-25 07:10:57',NULL),(150,26,1,5,NULL,'2020-04-25',-2,NULL,3,'2020-04-25 07:12:23','2020-04-25 07:12:23',NULL),(152,7,1,4,NULL,'2020-04-24',-5,NULL,3,'2020-04-25 07:14:16','2020-04-25 07:14:16',NULL),(153,7,1,5,NULL,'2020-04-25',-3,NULL,3,'2020-04-25 07:14:31','2020-04-25 07:14:31',NULL),(155,18,1,5,NULL,'2020-04-25',-1,NULL,3,'2020-04-25 07:16:12','2020-04-25 07:16:12',NULL),(156,18,1,NULL,NULL,'2020-04-09',59,NULL,3,'2020-04-25 07:16:32','2020-04-25 07:16:32',NULL),(157,37,1,5,NULL,'2020-04-25',-2,NULL,3,'2020-04-25 07:17:07','2020-04-25 07:17:07',NULL),(158,41,1,5,NULL,'2020-04-25',-1,NULL,3,'2020-04-25 07:17:46','2020-04-25 07:17:46',NULL),(159,3,4,NULL,NULL,'2020-04-02',40,NULL,3,'2020-04-25 07:18:50','2020-04-25 07:18:50',NULL),(161,3,4,11,NULL,'2020-04-24',-5,NULL,3,'2020-04-25 07:19:52','2020-04-25 07:19:52',NULL),(162,3,4,11,NULL,'2020-04-25',-4,NULL,3,'2020-04-25 07:20:22','2020-04-25 07:20:22',NULL),(163,47,4,NULL,NULL,'2020-03-31',30,NULL,3,'2020-04-25 07:21:40','2020-04-25 07:21:40',NULL),(164,47,4,11,NULL,'2020-04-25',-5,NULL,3,'2020-04-25 07:22:01','2020-04-25 07:22:01',NULL),(166,2,1,NULL,NULL,'2020-04-25',150,NULL,1,'2020-04-25 07:35:48','2020-04-25 07:35:48',NULL),(167,2,1,35,NULL,'2020-04-25',-150,'',1,'2020-04-25 07:38:02','2020-04-25 07:38:02',NULL),(168,2,1,NULL,NULL,'2020-04-25',-30,NULL,1,'2020-04-25 07:39:09','2020-04-25 07:39:09',NULL),(169,21,1,NULL,2,'2020-04-25',150,'',1,'2020-04-25 07:40:41','2020-04-25 07:40:41',NULL),(171,21,1,41,NULL,'2020-04-25',-100,'',1,'2020-04-25 07:43:58','2020-04-25 07:43:58',NULL),(172,6,1,11,NULL,'2020-04-26',-5,NULL,3,'2020-04-26 02:20:09','2020-04-26 02:20:09',NULL),(173,2,1,11,NULL,'2020-04-26',-34,NULL,3,'2020-04-26 02:21:11','2020-04-26 02:21:11',NULL),(174,21,1,11,NULL,'2020-04-26',-100,NULL,3,'2020-04-26 02:24:14','2020-04-26 02:24:14',NULL),(175,47,1,NULL,3,'2020-04-26',5,'',3,'2020-04-26 02:54:20','2020-04-26 02:54:20',NULL),(177,21,1,39,NULL,'2020-04-26',-200,'',1,'2020-04-26 11:23:42','2020-04-26 11:23:42',NULL),(178,2,1,NULL,NULL,'2020-04-25',-1,'ម៉ូយរបស់តី',1,'2020-04-26 11:25:09','2020-04-26 11:25:09',NULL),(179,2,1,NULL,NULL,'2020-04-27',140,NULL,1,'2020-04-27 03:32:00','2020-04-27 03:32:00',NULL),(180,2,1,35,NULL,'2020-04-27',-140,NULL,1,'2020-04-27 03:32:25','2020-04-27 03:32:25',NULL),(182,37,1,1,NULL,'2020-04-27',-1,NULL,3,'2020-04-27 06:31:58','2020-04-27 06:31:58',NULL),(183,2,4,38,NULL,'2020-04-27',-30,'',3,'2020-04-27 07:05:30','2020-04-27 07:05:30',NULL),(186,21,1,NULL,5,'2020-04-27',30,'',3,'2020-04-27 07:07:49','2020-04-27 07:07:49',NULL),(187,21,1,NULL,2,'2020-04-27',140,'',3,'2020-04-27 07:09:38','2020-04-27 07:09:38',NULL),(188,24,1,2,NULL,'2020-04-27',-2,NULL,3,'2020-04-27 07:12:40','2020-04-27 07:12:40',NULL),(189,2,1,11,NULL,'2020-04-27',-20,NULL,1,'2020-04-27 07:49:51','2020-04-27 07:49:51',NULL),(190,21,1,11,NULL,'2020-04-27',-100,NULL,1,'2020-04-27 07:51:05','2020-04-27 07:51:05',NULL),(191,2,1,NULL,NULL,'2020-04-28',150,NULL,1,'2020-04-28 06:07:14','2020-04-28 06:07:14',NULL),(192,2,1,35,NULL,'2020-04-28',-100,NULL,1,'2020-04-28 06:08:06','2020-04-28 06:08:06',NULL),(193,2,1,11,NULL,'2020-04-28',-50,NULL,1,'2020-04-28 06:08:25','2020-04-28 06:08:25',NULL),(196,21,1,NULL,1,'2020-04-28',9,'',1,'2020-04-28 07:41:43','2020-04-28 07:41:43',NULL),(197,21,1,NULL,1,'2020-04-28',100,'',1,'2020-04-28 07:42:19','2020-04-28 07:42:19',NULL),(198,21,1,NULL,NULL,'2020-04-28',-200,'Home + មុំស្ទោង',1,'2020-04-28 07:43:46','2020-04-28 07:43:46',NULL),(199,25,1,NULL,NULL,'2020-04-28',20,NULL,1,'2020-04-28 07:49:01','2020-04-28 07:49:01',NULL),(200,26,1,1,NULL,'2020-04-28',-10,NULL,1,'2020-04-28 08:14:53','2020-04-28 08:14:53',NULL),(202,2,1,NULL,NULL,'2020-04-29',150,NULL,1,'2020-04-29 01:58:26','2020-04-29 01:58:26',NULL),(203,2,1,35,NULL,'2020-04-29',-100,NULL,1,'2020-04-29 01:58:52','2020-04-29 01:58:52',NULL),(204,2,1,11,NULL,'2020-04-29',-30,NULL,1,'2020-04-29 01:59:23','2020-04-29 01:59:23',NULL),(205,21,1,NULL,2,'2020-04-29',100,NULL,1,'2020-04-29 02:00:16','2020-04-29 02:00:16',NULL),(206,5,1,NULL,NULL,'2020-04-29',-10,'Je chin',1,'2020-04-29 12:32:15','2020-04-29 12:32:15',NULL),(207,2,1,11,NULL,'2020-04-29',-20,NULL,1,'2020-04-29 12:33:23','2020-04-29 12:33:23',NULL),(208,2,4,11,NULL,'2020-04-29',-10,NULL,1,'2020-04-29 12:36:47','2020-04-29 12:36:47',NULL),(209,4,1,22,NULL,'2020-04-20',-20,NULL,1,'2020-04-29 12:39:48','2020-04-29 12:39:48',NULL),(210,4,1,NULL,NULL,'2020-04-29',100,NULL,1,'2020-04-29 12:40:37','2020-04-29 12:40:37',NULL),(212,15,1,NULL,NULL,'2020-04-29',-299,'Hir mabប៊ៀរ',1,'2020-04-30 04:05:35','2020-04-30 04:05:35',NULL),(213,2,1,NULL,NULL,'2020-04-30',200,NULL,1,'2020-04-30 04:06:17','2020-04-30 04:06:17',NULL),(214,2,1,35,NULL,'2020-04-30',-150,NULL,1,'2020-04-30 04:06:36','2020-04-30 04:06:36',NULL),(215,2,1,11,NULL,'2020-04-30',-50,NULL,1,'2020-04-30 04:06:58','2020-04-30 04:06:58',NULL),(216,21,1,NULL,NULL,'2020-04-30',150,'Hirmabប៊ៀរ',1,'2020-04-30 04:08:28','2020-04-30 04:08:28',NULL),(217,21,1,11,NULL,'2020-04-30',-100,NULL,1,'2020-04-30 04:08:59','2020-04-30 04:08:59',NULL),(218,25,1,11,NULL,'2020-04-30',-2,NULL,1,'2020-04-30 04:52:41','2020-04-30 04:52:41',NULL),(219,21,1,28,NULL,'2020-04-30',-150,NULL,1,'2020-04-30 11:14:52','2020-04-30 11:14:52',NULL),(220,21,1,NULL,NULL,'2020-04-28',40,'Hir Mab សង',1,'2020-04-30 11:21:10','2020-04-30 11:21:10',NULL),(221,21,1,NULL,4,'2020-04-29',27,NULL,1,'2020-04-30 11:21:48','2020-04-30 11:21:48',NULL),(222,7,1,NULL,NULL,'2020-04-30',20,'V N',1,'2020-04-30 13:46:51','2020-04-30 13:46:51',NULL),(223,7,1,1,NULL,'2020-04-30',-10,NULL,1,'2020-04-30 13:47:20','2020-04-30 13:47:20',NULL),(224,7,1,11,NULL,'2020-04-30',-2,NULL,1,'2020-04-30 13:47:50','2020-04-30 13:47:50',NULL),(225,4,1,NULL,NULL,'2020-05-01',-50,'Home 55',1,'2020-05-01 00:58:38','2020-05-01 00:58:38',NULL),(226,21,1,11,NULL,'2020-05-01',-95,NULL,1,'2020-05-01 01:00:47','2020-05-01 01:00:47',NULL),(227,2,5,NULL,NULL,'2020-05-01',120,NULL,1,'2020-05-01 01:10:28','2020-05-01 01:10:28',NULL),(228,2,5,9,NULL,'2020-05-01',-20,NULL,1,'2020-05-01 01:10:53','2020-05-01 01:10:53',NULL),(229,2,5,11,NULL,'2020-05-01',-50,NULL,1,'2020-05-01 01:11:21','2020-05-01 01:11:21',NULL),(230,4,5,NULL,NULL,'2020-05-01',17,NULL,1,'2020-05-01 01:12:51','2020-05-01 01:12:51',NULL),(231,6,5,NULL,NULL,'2020-05-01',140,NULL,1,'2020-05-01 01:14:13','2020-05-01 01:14:13',NULL),(232,2,5,11,NULL,'2020-05-01',-30,NULL,1,'2020-05-01 02:58:11','2020-05-01 02:58:11',NULL),(233,47,1,NULL,3,'2020-05-01',5,NULL,1,'2020-05-01 03:00:10','2020-05-01 03:00:10',NULL),(234,47,1,29,NULL,'2020-05-01',-5,NULL,1,'2020-05-01 03:00:35','2020-05-01 03:00:35',NULL),(235,9,1,29,NULL,'2020-05-01',-1,NULL,1,'2020-05-01 03:01:35','2020-05-01 03:01:35',NULL),(236,37,1,29,NULL,'2020-05-01',-1,NULL,1,'2020-05-01 03:03:41','2020-05-01 03:03:41',NULL),(237,45,1,29,NULL,'2020-05-01',-1,NULL,1,'2020-05-01 03:08:39','2020-05-01 03:08:39',NULL),(238,20,1,NULL,NULL,'2020-04-29',-10,'វណ្ណា',1,'2020-05-01 06:39:18','2020-05-01 06:39:18',NULL),(239,20,1,NULL,NULL,'2020-05-01',51,'បូម7ហ្វុយ',1,'2020-05-01 06:41:11','2020-05-01 06:41:11',NULL),(240,21,1,NULL,NULL,'2020-05-01',-129,'Hir Mab (ខ្វ៖)',1,'2020-05-01 06:45:18','2020-05-01 06:45:18',NULL),(241,21,1,NULL,NULL,'2020-05-01',-44,'ខ្វះមិនដឹង',1,'2020-05-01 06:48:15','2020-05-01 06:48:15',NULL),(242,21,1,NULL,3,'2020-05-01',100,NULL,1,'2020-05-01 06:48:40','2020-05-01 06:48:40',NULL),(243,16,5,NULL,NULL,'2020-05-01',44,NULL,1,'2020-05-01 11:17:20','2020-05-01 11:17:20',NULL),(244,2,5,11,NULL,'2020-05-01',-20,NULL,1,'2020-05-01 11:18:12','2020-05-01 11:18:12',NULL),(245,1,1,NULL,NULL,'2020-05-02',117,'ដំរី',1,'2020-05-02 10:35:08','2020-05-02 10:35:08',NULL),(246,1,1,11,NULL,'2020-05-02',-50,NULL,1,'2020-05-02 10:35:29','2020-05-02 10:35:29',NULL),(247,2,1,NULL,NULL,'2020-05-02',180,'S k D',1,'2020-05-02 10:36:30','2020-05-02 10:36:30',NULL),(249,2,1,3,NULL,'2020-05-02',-160,NULL,1,'2020-05-02 10:37:12','2020-05-02 10:37:12',NULL),(250,2,1,11,NULL,'2020-05-02',-20,NULL,1,'2020-05-02 10:37:29','2020-05-02 10:37:29',NULL),(251,18,1,3,NULL,'2020-05-02',-10,NULL,1,'2020-05-02 10:41:08','2020-05-02 10:41:08',NULL),(252,26,1,NULL,NULL,'2020-05-02',-10,'ចោមចៅ',1,'2020-05-02 10:43:22','2020-05-02 10:43:22',NULL),(253,26,1,11,NULL,'2020-05-02',-5,NULL,1,'2020-05-02 10:43:48','2020-05-02 10:43:48',NULL),(254,4,1,11,NULL,'2020-05-02',-3,NULL,1,'2020-05-02 10:45:14','2020-05-02 10:45:14',NULL),(255,23,1,11,NULL,'2020-05-02',-2,NULL,1,'2020-05-02 10:46:27','2020-05-02 10:46:27',NULL),(256,21,1,NULL,1,'2020-05-02',160,NULL,1,'2020-05-02 10:47:07','2020-05-02 10:47:07',NULL),(257,2,1,NULL,NULL,'2020-05-04',200,NULL,1,'2020-05-04 03:42:48','2020-05-04 03:42:48',NULL),(258,2,1,3,NULL,'2020-05-04',-50,NULL,1,'2020-05-04 03:43:18','2020-05-04 03:43:18',NULL),(259,2,1,12,NULL,'2020-05-04',-20,NULL,1,'2020-05-04 03:43:44','2020-05-04 03:43:44',NULL),(260,2,1,NULL,NULL,'2020-05-04',-50,'Home + ចំរេីនធាតុ',1,'2020-05-04 03:49:08','2020-05-04 03:49:08',NULL),(261,23,1,NULL,NULL,'2020-05-04',-20,'បងជុង',4,'2020-05-04 08:07:48','2020-05-04 08:07:48',NULL),(262,4,1,22,NULL,'2020-05-04',-20,NULL,4,'2020-05-04 08:10:20','2020-05-04 08:10:20',NULL),(263,21,1,NULL,1,'2020-05-04',50,NULL,1,'2020-05-04 11:26:59','2020-05-04 11:26:59',NULL),(264,21,1,NULL,7,'2020-05-04',95,NULL,1,'2020-05-04 11:27:20','2020-05-04 11:27:20',NULL),(266,7,1,29,NULL,'2020-05-02',-5,NULL,3,'2020-05-05 06:02:46','2020-05-05 06:02:46',NULL),(268,6,1,1,NULL,'2020-05-01',-1,NULL,3,'2020-05-05 06:04:32','2020-05-05 06:04:32',NULL),(269,26,1,4,NULL,'2020-05-05',-5,NULL,3,'2020-05-05 06:05:19','2020-05-05 06:05:19',NULL),(270,18,1,4,NULL,'2020-05-02',-2,NULL,3,'2020-05-05 06:05:56','2020-05-05 06:05:56',NULL),(271,6,1,4,NULL,'2020-05-05',-1,NULL,3,'2020-05-05 06:06:27','2020-05-05 06:06:27',NULL),(272,2,1,NULL,NULL,'2020-05-05',300,NULL,4,'2020-05-05 10:11:28','2020-05-05 10:11:28',NULL),(273,2,1,NULL,NULL,'2020-05-05',-197,'Tiger',4,'2020-05-05 10:11:56','2020-05-05 10:11:56',NULL),(274,2,1,11,NULL,'2020-05-05',-25,NULL,4,'2020-05-05 10:12:28','2020-05-05 10:12:28',NULL),(275,2,1,3,NULL,'2020-05-05',-158,NULL,4,'2020-05-05 10:12:52','2020-05-05 10:12:52',NULL),(276,1,1,3,NULL,'2020-05-05',-2,NULL,4,'2020-05-05 10:13:41','2020-05-05 10:13:41',NULL),(277,21,1,NULL,NULL,'2020-05-04',-50,'Hirmab (ខ្វ៖)',4,'2020-05-05 10:15:06','2020-05-05 10:15:06',NULL),(278,21,1,NULL,NULL,'2020-05-05',-100,'ចែខេងស្ទោង',4,'2020-05-05 10:16:33','2020-05-05 10:16:33',NULL),(279,21,1,NULL,1,'2020-05-05',160,NULL,4,'2020-05-05 10:16:54','2020-05-05 10:16:54',NULL),(280,24,1,29,NULL,'2020-05-05',-1,NULL,4,'2020-05-05 13:05:40','2020-05-05 13:05:40',NULL),(281,7,1,29,NULL,'2020-05-05',-1,NULL,4,'2020-05-05 13:09:35','2020-05-05 13:09:35',NULL),(282,7,1,4,NULL,'2020-05-05',-2,NULL,4,'2020-05-05 13:10:03','2020-05-05 13:10:03',NULL),(283,41,1,29,NULL,'2020-05-05',-1,NULL,4,'2020-05-05 13:10:50','2020-05-05 13:10:50',NULL),(284,42,1,29,NULL,'2020-05-05',-1,NULL,4,'2020-05-05 13:11:19','2020-05-05 13:11:19',NULL),(285,21,1,NULL,NULL,'2020-05-06',-150,'Hir ផល Acid',1,'2020-05-06 01:34:55','2020-05-06 01:34:55',NULL),(286,21,1,11,NULL,'2020-05-06',-100,NULL,1,'2020-05-06 01:35:28','2020-05-06 01:35:28',NULL),(287,1,1,NULL,NULL,'2020-05-06',-25,NULL,1,'2020-05-06 01:36:29','2020-05-06 01:36:29',NULL),(289,6,1,NULL,NULL,'2020-05-06',-40,'ទឹកកកព្រែកប្រា',1,'2020-05-06 01:43:42','2020-05-06 01:43:42',NULL),(290,47,4,11,NULL,'2020-04-29',-5,NULL,1,'2020-05-06 04:58:17','2020-05-06 04:58:17',NULL),(291,47,4,NULL,NULL,'2020-05-06',-5,'TS',1,'2020-05-06 04:59:42','2020-05-06 04:59:42',NULL),(292,47,1,NULL,NULL,'2020-05-06',5,'P ញែរ',1,'2020-05-06 07:24:04','2020-05-06 07:24:04',NULL),(293,14,1,NULL,NULL,'2020-05-06',9,'P ញែរ',1,'2020-05-06 07:25:05','2020-05-06 07:25:05',NULL),(294,14,1,2,NULL,'2020-05-06',-1,NULL,1,'2020-05-06 07:25:36','2020-05-06 07:25:36',NULL),(295,12,4,NULL,NULL,'2020-05-06',3,NULL,1,'2020-05-06 07:26:38','2020-05-06 07:26:38',NULL),(296,12,4,NULL,NULL,'2020-05-06',-1,'T S',1,'2020-05-06 07:27:10','2020-05-06 07:27:10',NULL),(297,6,1,11,NULL,'2020-05-06',-5,NULL,3,'2020-05-06 13:16:50','2020-05-06 13:16:50',NULL),(298,16,1,NULL,NULL,'2020-05-06',603,NULL,3,'2020-05-06 13:18:39','2020-05-06 13:18:39',NULL),(299,16,1,NULL,NULL,'2020-05-06',-11,'ចិនយកនូវផ្ទះ',3,'2020-05-06 13:19:56','2020-05-06 13:19:56',NULL),(300,33,4,NULL,NULL,'2020-05-07',10,NULL,4,'2020-05-07 05:21:12','2020-05-07 05:21:12',NULL),(301,5,4,NULL,NULL,'2020-05-07',20,NULL,4,'2020-05-07 05:21:30','2020-05-07 05:21:30',NULL),(303,21,1,NULL,NULL,'2020-05-05',-160,'Hir mab (ខ្វ៖)',3,'2020-05-07 06:00:22','2020-05-07 06:00:22',NULL),(304,21,1,NULL,1,'2020-05-07',130,NULL,3,'2020-05-07 06:02:04','2020-05-07 06:02:04',NULL),(306,21,1,11,NULL,'2020-05-07',-5,NULL,3,'2020-05-07 06:03:23','2020-05-07 06:03:23',NULL),(307,21,1,NULL,NULL,'2020-05-07',-50,'Home',1,'2020-05-07 07:03:35','2020-05-07 07:03:35',NULL),(308,26,1,NULL,NULL,'2020-05-07',40,'ហេងហេង',1,'2020-05-07 07:05:58','2020-05-07 07:05:58',NULL),(309,26,1,11,NULL,'2020-05-07',-5,NULL,1,'2020-05-07 07:06:19','2020-05-07 07:06:19',NULL),(310,15,1,NULL,NULL,'2020-05-07',-50,NULL,1,'2020-05-07 07:07:31','2020-05-07 07:07:31',NULL),(311,15,1,11,NULL,'2020-05-07',-5,NULL,1,'2020-05-07 07:07:55','2020-05-07 07:07:55',NULL),(312,23,1,NULL,NULL,'2020-05-05',40,'តឹង',1,'2020-05-07 07:12:55','2020-05-07 07:12:55',NULL),(313,12,1,NULL,NULL,'2020-05-07',1,'P ញែរ',4,'2020-05-07 15:54:06','2020-05-07 15:54:06',NULL),(314,37,1,NULL,NULL,'2020-05-08',18,NULL,1,'2020-05-08 06:54:04','2020-05-08 06:54:04',NULL),(315,14,1,NULL,3,'2020-05-08',1,NULL,1,'2020-05-08 06:54:56','2020-05-08 06:54:56',NULL),(316,2,1,NULL,NULL,'2020-05-08',300,NULL,1,'2020-05-08 06:55:37','2020-05-08 06:55:37',NULL),(317,2,1,35,NULL,'2020-05-08',-100,NULL,1,'2020-05-08 06:57:26','2020-05-08 06:57:26',NULL),(318,2,1,3,NULL,'2020-05-08',-40,NULL,1,'2020-05-08 06:57:44','2020-05-08 06:57:44',NULL),(319,2,1,NULL,NULL,'2020-05-08',-70,'MD+ផ្ទះ',1,'2020-05-08 06:58:43','2020-05-08 06:58:43',NULL),(320,2,1,4,NULL,'2020-05-08',-20,NULL,1,'2020-05-08 06:59:01','2020-05-08 06:59:01',NULL),(321,2,1,11,NULL,'2020-05-08',-25,NULL,1,'2020-05-08 06:59:20','2020-05-08 06:59:20',NULL),(322,21,1,NULL,2,'2020-05-08',100,NULL,1,'2020-05-08 07:00:43','2020-05-08 07:00:43',NULL),(323,21,1,NULL,1,'2020-05-08',40,NULL,1,'2020-05-08 07:00:56','2020-05-08 07:00:56',NULL),(324,15,1,35,NULL,'2020-05-09',-200,NULL,1,'2020-05-08 07:02:08','2020-05-08 07:02:08',NULL),(325,6,5,NULL,NULL,'2020-05-09',-80,'T S',1,'2020-05-09 07:29:07','2020-05-09 07:29:07',NULL),(326,7,1,NULL,NULL,'2020-05-09',40,'V N',1,'2020-05-09 07:31:43','2020-05-09 07:31:43',NULL),(327,7,1,1,NULL,'2020-05-09',-10,NULL,1,'2020-05-09 07:32:07','2020-05-09 07:32:07',NULL),(328,7,1,4,NULL,'2020-05-09',-5,NULL,1,'2020-05-09 07:32:26','2020-05-09 07:32:26',NULL),(329,7,1,29,NULL,'2020-05-09',-5,NULL,1,'2020-05-09 07:32:54','2020-05-09 07:32:54',NULL),(330,7,1,11,NULL,'2020-05-09',-2,NULL,1,'2020-05-09 07:33:11','2020-05-09 07:33:11',NULL),(331,2,1,NULL,NULL,'2020-05-09',300,NULL,1,'2020-05-09 07:34:20','2020-05-09 07:34:20',NULL),(332,2,1,3,NULL,'2020-05-09',-160,NULL,1,'2020-05-09 07:34:36','2020-05-09 07:34:36',NULL),(333,2,1,NULL,NULL,'2020-05-09',-60,'ផ្ទះ+ចំរេីនធាតុ+ប្រេស៊ី',1,'2020-05-09 07:41:38','2020-05-09 07:41:38',NULL),(334,2,1,11,NULL,'2020-05-09',-20,NULL,1,'2020-05-09 07:42:23','2020-05-09 07:42:23',NULL),(335,1,1,NULL,NULL,'2020-05-09',-20,NULL,1,'2020-05-09 07:45:37','2020-05-09 07:45:37',NULL),(336,21,1,NULL,1,'2020-05-09',160,NULL,1,'2020-05-09 07:46:16','2020-05-09 07:46:16',NULL),(337,21,1,11,NULL,'2020-05-09',-100,NULL,1,'2020-05-09 07:46:38','2020-05-09 07:46:38',NULL),(338,21,1,NULL,NULL,'2020-05-09',-200,'Hir យី ស្ទោង',1,'2020-05-09 07:47:19','2020-05-09 07:47:19',NULL),(339,21,1,NULL,NULL,'2020-05-08',19,'ប៊ៀរសង',1,'2020-05-09 07:50:23','2020-05-09 07:50:23',NULL),(340,21,1,NULL,NULL,'2020-05-08',120,'W សង',1,'2020-05-09 07:51:12','2020-05-09 07:51:12',NULL),(342,47,1,29,NULL,'2020-05-09',-5,NULL,1,'2020-05-09 08:03:54','2020-05-09 08:03:54',NULL),(344,14,1,2,NULL,'2020-05-09',-1,NULL,1,'2020-05-09 08:04:45','2020-05-09 08:04:45',NULL),(345,6,1,NULL,NULL,'2020-05-09',80,'T S P',1,'2020-05-09 13:15:34','2020-05-09 13:15:34',NULL),(346,2,1,9,NULL,'2020-05-10',-20,NULL,1,'2020-05-10 01:45:08','2020-05-10 01:45:08',NULL),(347,6,1,NULL,NULL,'2020-05-10',-40,'ម៉ូយតី',1,'2020-05-10 01:47:02','2020-05-10 01:47:02',NULL),(348,16,1,NULL,NULL,'2020-05-10',-120,'តី',1,'2020-05-10 01:47:41','2020-05-10 01:47:41',NULL),(349,12,4,NULL,3,'2020-05-10',3,NULL,1,'2020-05-10 02:20:36','2020-05-10 02:20:36',NULL),(352,47,1,29,NULL,'2020-05-05',-5,NULL,4,'2020-05-10 12:32:45','2020-05-10 12:32:45',NULL),(353,47,1,2,NULL,'2020-05-05',-4,NULL,4,'2020-05-10 12:33:21','2020-05-10 12:33:21',NULL),(354,15,1,3,NULL,'2020-05-11',-50,NULL,3,'2020-05-11 02:25:14','2020-05-11 02:25:14',NULL),(355,3,4,11,NULL,'2020-05-11',-10,NULL,3,'2020-05-11 06:07:26','2020-05-11 06:07:26',NULL),(356,2,1,3,NULL,'2020-05-11',-50,NULL,3,'2020-05-11 10:47:46','2020-05-11 10:47:46',NULL),(357,2,1,11,NULL,'2020-05-11',-35,NULL,3,'2020-05-11 10:48:11','2020-05-11 10:48:11',NULL),(359,21,1,NULL,NULL,'2020-05-11',45,'Hir Mab សង',3,'2020-05-11 10:59:10','2020-05-11 10:59:10',NULL),(360,7,1,4,NULL,'2020-05-11',-5,NULL,3,'2020-05-11 11:01:25','2020-05-11 11:01:25',NULL),(361,7,1,NULL,NULL,'2020-05-11',40,NULL,3,'2020-05-11 11:01:39','2020-05-11 11:01:39',NULL),(362,7,1,11,NULL,'2020-05-11',-2,NULL,3,'2020-05-11 11:01:53','2020-05-11 11:01:53',NULL),(363,26,1,4,NULL,'2020-05-11',-5,NULL,3,'2020-05-11 11:03:01','2020-05-11 11:03:01',NULL),(364,21,1,NULL,1,'2020-05-11',50,NULL,3,'2020-05-11 11:04:11','2020-05-11 11:04:11',NULL),(365,42,1,NULL,3,'2020-05-11',4,NULL,4,'2020-05-11 13:51:01','2020-05-11 13:51:01',NULL),(366,45,1,11,NULL,'2020-05-11',-1,NULL,4,'2020-05-11 13:55:52','2020-05-11 13:55:52',NULL),(367,2,1,NULL,NULL,'2020-05-12',200,NULL,1,'2020-05-12 09:55:01','2020-05-12 09:55:01',NULL),(368,2,1,3,NULL,'2020-05-12',-160,NULL,1,'2020-05-12 09:55:16','2020-05-12 09:55:16',NULL),(369,7,1,NULL,NULL,'2020-05-12',-10,'ចែយី+លង័',1,'2020-05-12 09:58:35','2020-05-12 09:58:35',NULL),(370,26,1,5,NULL,'2020-05-12',-3,NULL,1,'2020-05-12 10:00:21','2020-05-12 10:00:21',NULL),(373,10,1,4,NULL,'2020-04-24',-2,NULL,1,'2020-05-12 10:05:00','2020-05-12 10:05:00',NULL),(374,10,1,5,NULL,'2020-05-12',-2,NULL,1,'2020-05-12 10:06:45','2020-05-12 10:06:45',NULL),(375,6,1,5,NULL,'2020-05-12',-2,NULL,1,'2020-05-12 10:08:00','2020-05-12 10:08:00',NULL),(376,21,1,NULL,1,'2020-05-12',160,NULL,1,'2020-05-12 10:21:40','2020-05-12 10:21:40',NULL),(377,21,1,NULL,NULL,'2020-05-12',-200,'ស្ទោង Hirយី',1,'2020-05-12 10:22:27','2020-05-12 10:22:27',NULL),(378,16,1,11,NULL,'2020-05-12',-1,NULL,4,'2020-05-12 13:43:15','2020-05-12 13:43:15',NULL),(379,2,1,11,NULL,'2020-05-13',-40,NULL,1,'2020-05-13 04:25:24','2020-05-13 04:25:24',NULL),(380,2,1,NULL,NULL,'2020-05-13',300,NULL,1,'2020-05-13 04:25:38','2020-05-13 04:25:38',NULL),(385,2,1,3,NULL,'2020-05-13',-160,NULL,1,'2020-05-13 04:27:29','2020-05-13 04:27:29',NULL),(386,1,1,11,NULL,'2020-05-13',-20,NULL,1,'2020-05-13 04:28:10','2020-05-13 04:28:10',NULL),(387,37,1,29,NULL,'2020-05-13',-1,NULL,1,'2020-05-13 04:28:56','2020-05-13 04:28:56',NULL),(388,24,1,2,NULL,'2020-05-13',-2,NULL,1,'2020-05-13 04:30:35','2020-05-13 04:30:35',NULL),(389,6,1,11,NULL,'2020-05-13',-10,NULL,1,'2020-05-13 05:25:13','2020-05-13 05:25:13',NULL),(390,29,1,NULL,NULL,'2020-05-13',30,NULL,1,'2020-05-13 05:28:31','2020-05-13 05:28:31',NULL),(391,29,1,11,NULL,'2020-05-13',-2,NULL,1,'2020-05-13 05:28:47','2020-05-13 05:28:47',NULL),(392,21,1,NULL,NULL,'2020-05-12',-50,'Hir mabខ្វះ',1,'2020-05-13 08:19:15','2020-05-13 08:19:15',NULL),(393,21,1,NULL,1,'2020-05-13',160,NULL,1,'2020-05-14 01:53:30','2020-05-14 01:53:30',NULL),(395,2,1,11,NULL,'2020-05-13',-40,NULL,1,'2020-05-14 01:55:16','2020-05-14 01:55:16',NULL),(396,2,1,NULL,NULL,'2020-05-14',-60,'MD+អំពៅ',1,'2020-05-14 01:56:37','2020-05-14 01:56:37',NULL),(397,7,1,29,NULL,'2020-05-14',-5,NULL,3,'2020-05-14 04:44:56','2020-05-14 04:44:56',NULL),(398,9,1,29,NULL,'2020-05-14',-2,NULL,3,'2020-05-14 04:45:33','2020-05-14 04:45:33',NULL),(399,47,4,NULL,NULL,'2020-05-14',-5,'TSK',3,'2020-05-14 04:48:02','2020-05-14 04:48:02',NULL),(400,47,1,NULL,NULL,'2020-05-14',5,'ផ្សារញ៉ែរ',3,'2020-05-14 04:51:17','2020-05-14 04:51:17',NULL),(401,7,1,3,NULL,'2020-05-14',-5,NULL,3,'2020-05-14 04:56:13','2020-05-14 04:56:13',NULL),(402,21,1,NULL,NULL,'2020-05-14',-100,'យៀន',3,'2020-05-14 05:59:33','2020-05-14 05:59:33',NULL),(405,21,1,11,NULL,'2020-05-13',-100,NULL,3,'2020-05-14 06:03:19','2020-05-14 06:03:19',NULL),(406,21,1,NULL,NULL,'2020-05-13',10,'Mab សង',3,'2020-05-14 06:03:57','2020-05-14 06:03:57',NULL),(407,2,1,11,NULL,'2020-05-14',-40,NULL,1,'2020-05-14 10:22:02','2020-05-14 10:22:02',NULL),(409,21,1,11,NULL,'2020-05-14',-50,NULL,1,'2020-05-14 10:23:10','2020-05-14 10:23:10',NULL),(410,42,1,29,NULL,'2020-05-15',-1,NULL,3,'2020-05-15 01:58:24','2020-05-15 01:58:24',NULL),(411,10,4,NULL,NULL,'2020-05-15',80,NULL,1,'2020-05-15 03:24:22','2020-05-15 03:24:22',NULL),(412,10,4,NULL,NULL,'2020-05-15',-10,'Home+ចាក់អង្រែ',1,'2020-05-15 03:25:15','2020-05-15 03:25:15',NULL),(413,2,1,NULL,NULL,'2020-05-15',250,NULL,1,'2020-05-15 03:26:24','2020-05-15 03:26:24',NULL),(414,2,1,3,NULL,'2020-05-15',-120,NULL,1,'2020-05-15 03:27:08','2020-05-15 03:27:08',NULL),(415,2,1,35,NULL,'2020-05-15',-80,NULL,1,'2020-05-15 03:27:21','2020-05-15 03:27:21',NULL),(416,2,1,NULL,NULL,'2020-05-16',300,NULL,1,'2020-05-16 01:54:29','2020-05-16 01:54:29',NULL),(417,2,1,3,NULL,'2020-05-16',-50,NULL,1,'2020-05-16 01:54:44','2020-05-16 01:54:44',NULL),(418,2,1,35,NULL,'2020-05-16',-72,NULL,1,'2020-05-16 01:55:00','2020-05-16 01:55:00',NULL),(419,2,1,11,NULL,'2020-05-16',-50,NULL,1,'2020-05-16 01:55:20','2020-05-16 01:55:20',NULL),(420,21,1,28,NULL,'2020-05-15',-130,NULL,1,'2020-05-16 01:57:02','2020-05-16 01:57:02',NULL),(421,21,1,NULL,1,'2020-05-15',120,NULL,1,'2020-05-16 01:58:08','2020-05-16 01:58:08',NULL),(422,21,1,NULL,2,'2020-05-15',80,NULL,1,'2020-05-16 01:59:21','2020-05-16 01:59:21',NULL),(423,21,1,NULL,1,'2020-05-16',50,NULL,1,'2020-05-16 02:00:25','2020-05-16 02:00:25',NULL),(424,21,1,NULL,2,'2020-05-16',72,NULL,1,'2020-05-16 02:00:39','2020-05-16 02:00:39',NULL),(425,21,1,11,NULL,'2020-05-16',-100,NULL,1,'2020-05-16 02:00:55','2020-05-16 02:00:55',NULL),(426,19,1,11,NULL,'2020-05-16',-5,NULL,1,'2020-05-16 02:03:31','2020-05-16 02:03:31',NULL),(427,4,1,NULL,NULL,'2020-05-15',50,NULL,1,'2020-05-16 02:04:30','2020-05-16 02:04:30',NULL),(428,4,1,22,NULL,'2020-05-15',-20,NULL,1,'2020-05-16 02:04:49','2020-05-16 02:04:49',NULL),(429,5,1,22,NULL,'2020-05-16',-10,NULL,1,'2020-05-16 02:05:50','2020-05-16 02:05:50',NULL),(430,5,1,NULL,NULL,'2020-05-16',100,'V n',1,'2020-05-16 02:06:07','2020-05-16 02:06:07',NULL),(431,15,1,3,NULL,'2020-05-17',-50,NULL,1,'2020-05-16 03:20:51','2020-05-16 03:20:51',NULL),(432,6,1,3,NULL,'2020-05-17',-20,NULL,1,'2020-05-16 03:21:13','2020-05-16 03:21:13',NULL),(433,8,1,NULL,NULL,'2020-05-16',10,NULL,1,'2020-05-16 05:24:15','2020-05-16 05:24:15',NULL),(435,24,1,2,NULL,'2020-05-06',-2,NULL,1,'2020-05-16 05:27:14','2020-05-16 05:27:14',NULL),(436,20,1,NULL,NULL,'2020-05-16',7,NULL,1,'2020-05-16 05:42:58','2020-05-16 05:42:58',NULL),(437,20,1,2,NULL,'2020-05-16',-3,NULL,1,'2020-05-16 05:43:41','2020-05-16 05:43:41',NULL),(438,21,1,NULL,NULL,'2020-05-15',-120,'Mab ខ្វៈ',1,'2020-05-16 05:59:38','2020-05-16 05:59:38',NULL),(439,21,1,NULL,NULL,'2020-05-15',130,'ប៊ៀរសង',1,'2020-05-16 06:00:37','2020-05-16 06:00:37',NULL),(440,21,1,NULL,NULL,'2020-05-15',-8,'A m c',1,'2020-05-16 06:01:21','2020-05-16 06:01:21',NULL),(441,2,1,11,NULL,'2020-05-16',-28,NULL,1,'2020-05-16 12:58:25','2020-05-16 12:58:25',NULL),(442,21,1,NULL,NULL,'2020-05-16',-110,'Hir យីស្ទោង',1,'2020-05-16 13:00:01','2020-05-16 13:00:01',NULL),(443,28,1,NULL,NULL,'2020-05-16',-8,'Sor Mak ភក្ក័',1,'2020-05-16 13:02:05','2020-05-16 13:02:05',NULL),(444,2,1,NULL,10,'2020-05-18',200,NULL,3,'2020-05-18 02:25:39','2020-05-18 02:25:39',NULL),(446,2,1,3,NULL,'2020-05-18',-90,NULL,3,'2020-05-18 02:25:52','2020-05-18 02:25:52',NULL),(447,2,1,11,NULL,'2020-05-18',-40,NULL,3,'2020-05-18 05:05:49','2020-05-18 05:05:49',NULL),(448,5,1,NULL,NULL,'2020-05-18',-100,'តី',3,'2020-05-18 05:06:46','2020-05-18 05:06:46',NULL),(449,5,1,NULL,NULL,'2020-05-18',50,'តឹង',3,'2020-05-18 05:07:07','2020-05-18 05:07:07',NULL),(450,5,1,11,NULL,'2020-05-18',-2,NULL,3,'2020-05-18 05:07:42','2020-05-18 05:07:42',NULL),(451,21,1,NULL,NULL,'2020-05-18',-128,'Mab ខ្វះ',3,'2020-05-18 05:08:37','2020-05-18 05:08:37',NULL),(452,21,1,NULL,1,'2020-05-18',90,NULL,3,'2020-05-18 05:08:56','2020-05-18 05:08:56',NULL),(454,9,1,2,NULL,'2020-05-14',-2,NULL,3,'2020-05-18 10:58:45','2020-05-18 10:58:45',NULL),(455,9,1,29,NULL,'2020-05-05',-1,NULL,3,'2020-05-18 11:00:51','2020-05-18 11:00:51',NULL),(456,4,1,22,NULL,'2020-05-19',-20,NULL,3,'2020-05-19 02:48:47','2020-05-19 02:48:47',NULL),(457,7,1,1,NULL,'2020-05-19',-5,NULL,3,'2020-05-19 02:49:13','2020-05-19 02:49:13',NULL),(458,26,1,1,NULL,'2020-05-19',-5,NULL,3,'2020-05-19 02:49:40','2020-05-19 02:49:40',NULL),(459,7,1,4,NULL,'2020-05-19',-5,NULL,3,'2020-05-19 02:50:13','2020-05-19 02:50:13',NULL),(460,26,1,4,NULL,'2020-05-19',-5,NULL,3,'2020-05-19 02:50:35','2020-05-19 02:50:35',NULL),(461,10,1,4,NULL,'2020-05-19',-2,NULL,3,'2020-05-19 02:51:02','2020-05-19 02:51:02',NULL),(462,7,1,29,NULL,'2020-05-19',-5,NULL,3,'2020-05-19 02:52:54','2020-05-19 02:52:54',NULL),(464,6,1,29,NULL,'2020-05-19',-10,NULL,3,'2020-05-19 02:54:03','2020-05-19 02:54:03',NULL),(465,13,1,29,NULL,'2020-05-19',-1,NULL,3,'2020-05-19 02:54:38','2020-05-19 02:54:38',NULL),(466,37,1,29,NULL,'2020-05-19',-1,NULL,3,'2020-05-19 02:54:59','2020-05-19 02:54:59',NULL),(467,2,1,NULL,10,'2020-05-19',250,NULL,3,'2020-05-19 02:55:39','2020-05-19 02:55:39',NULL),(468,2,1,3,NULL,'2020-05-19',-210,NULL,3,'2020-05-19 02:56:19','2020-05-19 02:56:19',NULL),(469,47,1,2,NULL,'2020-05-18',-3,NULL,3,'2020-05-19 04:24:39','2020-05-19 04:24:39',NULL),(470,47,1,29,NULL,'2020-05-19',-2,NULL,3,'2020-05-19 04:24:50','2020-05-19 04:24:50',NULL),(471,21,1,NULL,NULL,'2020-05-18',180,'Mab សង',1,'2020-05-19 06:11:11','2020-05-19 06:11:11',NULL),(472,21,1,NULL,1,'2020-05-19',210,NULL,1,'2020-05-19 06:11:30','2020-05-19 06:11:30',NULL),(473,21,1,11,NULL,'2020-05-19',-100,NULL,1,'2020-05-19 06:11:53','2020-05-19 06:11:53',NULL),(474,19,1,11,NULL,'2020-05-19',-3,NULL,1,'2020-05-19 06:13:12','2020-05-19 06:13:12',NULL),(476,2,1,11,NULL,'2020-05-19',-30,NULL,1,'2020-05-19 11:04:32','2020-05-19 11:04:32',NULL),(477,2,1,NULL,10,'2020-05-20',250,NULL,3,'2020-05-20 03:51:13','2020-05-20 03:51:13',NULL),(478,2,1,3,NULL,'2020-05-20',-50,NULL,3,'2020-05-20 03:53:23','2020-05-20 03:53:23',NULL),(479,2,1,NULL,NULL,'2020-05-20',-60,'ផ្ទេរ ទៅ ផ្សារញ៉ែរ',3,'2020-05-20 03:53:48','2020-05-20 03:53:48',NULL),(480,2,4,NULL,NULL,'2020-05-20',60,'ផ្ទេរ មកពី ទួលសង្កែរ',3,'2020-05-20 03:53:48','2020-05-20 03:53:48',NULL),(481,21,1,11,NULL,'2020-05-20',-100,NULL,3,'2020-05-20 03:54:13','2020-05-20 03:54:13',NULL),(482,47,4,NULL,NULL,'2020-05-20',-10,'ផ្ទេរ ទៅ ទួលសង្កែរ',3,'2020-05-20 03:55:09','2020-05-20 03:55:09',NULL),(483,47,1,NULL,NULL,'2020-05-20',10,'ផ្ទេរ មកពី ផ្សារញ៉ែរ',3,'2020-05-20 03:55:09','2020-05-20 03:55:09',NULL),(484,10,4,NULL,NULL,'2020-05-20',-10,'ផ្ទេរ ទៅ ទួលសង្កែរ',3,'2020-05-20 03:56:33','2020-05-20 03:56:33',NULL),(485,10,1,NULL,NULL,'2020-05-20',10,'ផ្ទេរ មកពី ផ្សារញ៉ែរ',3,'2020-05-20 03:56:33','2020-05-20 03:56:33',NULL),(486,15,1,3,NULL,'2020-05-20',-200,NULL,3,'2020-05-20 03:57:04','2020-05-20 03:57:04',NULL),(488,6,5,NULL,NULL,'2020-05-20',-60,'ផ្ទេរទៅ ទួលសង្កែរ',3,'2020-05-20 05:43:27','2020-05-20 05:43:27',NULL),(489,6,1,NULL,NULL,'2020-05-20',60,'ផ្ទេរ មកពី ទួលស្វាយព្រៃ',3,'2020-05-20 05:43:27','2020-05-20 05:43:27',NULL),(490,6,1,3,NULL,'2020-05-20',-20,NULL,3,'2020-05-20 05:44:17','2020-05-20 05:44:17',NULL),(491,2,1,NULL,NULL,'2020-05-20',-100,'ផ្ទេរទៅ ទួលស្វាយព្រៃ',1,'2020-05-20 10:46:30','2020-05-20 10:46:30',NULL),(492,2,5,NULL,NULL,'2020-05-20',100,'ផ្ទេរ មកពី ទួលសង្កែរ',1,'2020-05-20 10:46:30','2020-05-20 10:46:30',NULL),(493,21,1,NULL,1,'2020-05-20',50,NULL,1,'2020-05-20 10:48:50','2020-05-20 10:48:50',NULL),(494,21,1,NULL,NULL,'2020-05-19',73,'ប៊ៀរសង',1,'2020-05-20 10:52:19','2020-05-20 10:52:19',NULL),(495,21,1,NULL,NULL,'2020-05-20',-300,'S K D',1,'2020-05-20 10:53:02','2020-05-20 10:53:02',NULL),(496,6,1,5,NULL,'2020-05-16',-2,NULL,1,'2020-05-20 10:56:48','2020-05-20 10:56:48',NULL),(497,6,1,NULL,NULL,'2020-05-20',-1,'បាត់',1,'2020-05-20 11:02:13','2020-05-20 11:02:13',NULL),(498,17,1,NULL,NULL,'2020-05-20',120,'តឹង',1,'2020-05-20 13:28:38','2020-05-20 13:28:38',NULL),(499,18,1,3,NULL,'2020-05-21',-10,NULL,3,'2020-05-21 03:14:41','2020-05-21 03:14:41',NULL),(500,2,1,3,NULL,'2020-05-21',-160,NULL,3,'2020-05-21 03:15:11','2020-05-21 03:15:11',NULL),(502,2,1,11,NULL,'2020-05-21',-50,NULL,3,'2020-05-21 03:41:44','2020-05-21 03:41:44',NULL),(503,21,1,11,NULL,'2020-05-21',-60,NULL,3,'2020-05-21 03:42:47','2020-05-21 03:42:47',NULL),(504,3,4,NULL,NULL,'2020-05-21',30,'អុីនឿង',3,'2020-05-21 04:33:15','2020-05-21 04:33:15',NULL),(505,17,1,NULL,NULL,'2020-05-21',15,'សល់ចាស់',1,'2020-05-21 08:02:35','2020-05-21 08:02:35',NULL),(506,17,1,NULL,NULL,'2020-05-21',-80,'C R v',1,'2020-05-21 08:03:37','2020-05-21 08:03:37',NULL),(507,21,1,3,NULL,'2020-05-21',-43,NULL,1,'2020-05-21 08:04:43','2020-05-21 08:04:43',NULL),(508,21,1,NULL,1,'2020-05-21',160,NULL,1,'2020-05-21 08:05:09','2020-05-21 08:05:09',NULL),(509,15,1,NULL,NULL,'2020-05-21',-50,'សាំងហេង',1,'2020-05-21 08:07:38','2020-05-21 08:07:38',NULL),(510,2,1,NULL,NULL,'2020-05-21',250,NULL,1,'2020-05-21 09:05:10','2020-05-21 09:05:10',NULL),(511,10,4,NULL,NULL,'2020-05-21',-5,'មិនច្បាស់',1,'2020-05-21 10:46:00','2020-05-21 10:46:00',NULL),(512,2,1,12,NULL,'2020-05-22',-50,NULL,3,'2020-05-22 01:56:59','2020-05-22 01:56:59',NULL),(513,18,1,12,NULL,'2020-05-22',-1,NULL,3,'2020-05-22 01:57:23','2020-06-02 09:40:59','2020-06-02 09:40:59'),(514,6,1,4,NULL,'2020-05-21',-2,NULL,3,'2020-05-22 02:16:47','2020-05-22 02:16:47',NULL),(515,18,1,4,NULL,'2020-05-21',-2,NULL,3,'2020-05-22 02:17:18','2020-05-22 02:17:18',NULL),(516,2,1,NULL,10,'2020-05-22',250,NULL,3,'2020-05-22 03:55:16','2020-05-22 03:55:16',NULL),(517,2,1,NULL,NULL,'2020-05-22',-100,'ផ្ទេរ ទៅ ទួលស្វាយព្រៃ',3,'2020-05-22 03:56:12','2020-05-22 03:56:12',NULL),(518,2,5,NULL,NULL,'2020-05-22',100,'ផ្ទេរ មកពី ទួលសង្កែរ',3,'2020-05-22 03:56:12','2020-05-22 03:56:12',NULL),(519,2,1,11,NULL,'2020-05-22',-50,NULL,3,'2020-05-22 06:46:51','2020-05-22 06:46:51',NULL),(520,17,1,11,NULL,'2020-05-22',-2,NULL,3,'2020-05-22 06:47:49','2020-05-22 06:47:49',NULL),(521,28,1,NULL,NULL,'2020-05-22',-15,'ព្រះវិហារ',3,'2020-05-22 06:49:52','2020-05-22 06:49:52',NULL),(522,2,1,NULL,NULL,'2020-05-23',250,'SkD',1,'2020-05-23 01:46:45','2020-05-23 01:46:45',NULL),(523,2,1,11,NULL,'2020-05-23',-90,NULL,1,'2020-05-23 01:47:18','2020-05-23 01:47:18',NULL),(524,4,1,22,NULL,'2020-05-23',-30,NULL,1,'2020-05-23 02:31:34','2020-05-23 02:31:34',NULL),(525,5,1,22,NULL,'2020-05-23',-5,NULL,1,'2020-05-23 02:33:03','2020-05-23 02:33:03',NULL),(526,2,1,11,NULL,'2020-05-23',-30,NULL,1,'2020-05-23 03:04:46','2020-05-23 03:04:46',NULL),(527,4,1,NULL,NULL,'2020-05-06',60,NULL,1,'2020-05-23 03:53:59','2020-05-23 03:53:59',NULL),(529,21,1,NULL,1,'2020-05-23',90,NULL,1,'2020-05-23 03:55:48','2020-05-23 03:55:48',NULL),(530,4,1,NULL,NULL,'2020-05-23',100,'ហ៊ាផល',1,'2020-05-23 07:21:44','2020-05-23 07:21:44',NULL),(532,8,1,NULL,NULL,'2020-05-23',80,NULL,4,'2020-05-23 07:47:00','2020-05-23 07:47:00',NULL),(533,19,1,NULL,NULL,'2020-05-23',-20,'បងប្រុសតាខ្មៅ',3,'2020-05-23 08:08:03','2020-05-23 08:08:03',NULL),(534,2,1,NULL,NULL,'2020-05-24',-60,'ចំរេីន Home',1,'2020-05-24 02:21:15','2020-05-24 02:21:15',NULL),(535,2,1,NULL,NULL,'2020-05-25',250,NULL,1,'2020-05-25 01:22:14','2020-05-25 01:22:14',NULL),(536,2,1,3,NULL,'2020-05-25',-50,NULL,1,'2020-05-25 01:22:38','2020-05-25 01:22:38',NULL),(537,7,1,29,NULL,'2020-05-25',-5,NULL,3,'2020-05-25 01:41:28','2020-05-25 01:41:28',NULL),(538,47,1,29,NULL,'2020-05-25',-5,NULL,3,'2020-05-25 01:41:56','2020-05-25 01:41:56',NULL),(539,9,1,29,NULL,'2020-05-25',-1,NULL,3,'2020-05-25 01:42:17','2020-05-25 01:42:17',NULL),(542,2,1,11,NULL,'2020-05-25',-50,NULL,3,'2020-05-25 04:27:19','2020-05-25 04:27:19',NULL),(543,21,1,11,NULL,'2020-05-25',-50,NULL,3,'2020-05-25 04:27:46','2020-05-25 04:27:46',NULL),(544,18,1,11,NULL,'2020-05-25',-5,NULL,3,'2020-05-25 04:28:19','2020-05-25 04:28:19',NULL),(545,25,1,11,NULL,'2020-05-25',-1,NULL,3,'2020-05-25 04:28:41','2020-05-25 04:28:41',NULL),(546,7,1,11,NULL,'2020-05-25',-1,NULL,3,'2020-05-25 07:13:32','2020-05-25 07:13:32',NULL),(547,8,1,11,NULL,'2020-05-25',-2,NULL,3,'2020-05-25 07:14:17','2020-05-25 07:14:17',NULL),(548,21,1,NULL,NULL,'2020-05-24',50,'ចំរេីនធាតុ',1,'2020-05-25 12:37:39','2020-05-25 12:37:39',NULL),(549,47,1,29,NULL,'2020-05-21',-5,NULL,1,'2020-05-25 12:40:21','2020-05-25 12:40:21',NULL),(551,24,1,2,NULL,'2020-05-23',-2,NULL,1,'2020-05-25 13:24:59','2020-05-25 13:24:59',NULL),(552,7,1,1,NULL,'2020-05-23',-10,NULL,1,'2020-05-25 13:34:13','2020-05-25 13:34:13',NULL),(553,3,1,NULL,NULL,'2020-05-26',80,'ហ៊ាផល',1,'2020-05-26 01:10:37','2020-05-26 01:10:37',NULL),(554,3,1,11,NULL,'2020-05-26',-60,NULL,1,'2020-05-26 01:11:05','2020-05-26 01:11:05',NULL),(555,3,4,NULL,NULL,'2020-05-21',54,'ផល',1,'2020-05-26 01:21:54','2020-05-26 01:21:54',NULL),(556,3,4,NULL,NULL,'2020-05-21',-100,'C r v',1,'2020-05-26 01:22:17','2020-05-26 01:22:17',NULL),(557,3,4,11,NULL,'2020-05-21',-2,NULL,1,'2020-05-26 01:22:30','2020-05-26 01:22:30',NULL),(558,3,4,NULL,NULL,'2020-05-26',60,'ផល',1,'2020-05-26 01:23:10','2020-05-26 01:23:10',NULL),(559,3,4,NULL,NULL,'2020-05-26',-20,'ម៉េងគៀត',1,'2020-05-26 01:23:42','2020-05-26 01:23:42',NULL),(560,2,1,3,NULL,'2020-05-26',-160,NULL,3,'2020-05-26 03:35:21','2020-05-26 03:35:21',NULL),(561,2,1,11,NULL,'2020-05-26',-60,NULL,3,'2020-05-26 03:35:29','2020-05-26 03:35:29',NULL),(562,2,1,2,NULL,'2020-05-26',-2,NULL,3,'2020-05-26 05:07:45','2020-05-26 05:07:45',NULL),(563,2,1,NULL,NULL,'2020-05-26',250,NULL,1,'2020-05-26 12:10:46','2020-05-26 12:10:46',NULL),(564,17,1,11,NULL,'2020-05-26',-8,NULL,1,'2020-05-26 12:12:15','2020-05-26 12:12:15',NULL),(565,21,1,NULL,1,'2020-05-26',160,NULL,1,'2020-05-26 12:12:56','2020-05-26 12:12:56',NULL),(566,21,1,11,NULL,'2020-05-26',-100,NULL,1,'2020-05-26 12:13:15','2020-05-26 12:13:15',NULL),(567,21,1,NULL,NULL,'2020-05-26',-100,'ចឺកឆាយ',1,'2020-05-26 12:14:32','2020-05-26 12:14:32',NULL),(568,2,1,3,NULL,'2020-05-27',-160,NULL,3,'2020-05-27 01:55:08','2020-05-27 01:55:08',NULL),(569,2,1,3,NULL,'2020-05-27',-50,NULL,3,'2020-05-27 01:55:19','2020-05-27 01:55:19',NULL),(570,15,1,3,NULL,'2020-05-27',-50,NULL,3,'2020-05-27 01:55:47','2020-05-27 01:55:47',NULL),(571,8,1,NULL,NULL,'2020-05-26',-80,'Khmer Fresh Milk Co.,LTD',3,'2020-05-27 01:56:34','2020-05-27 01:56:34',NULL),(573,20,1,42,NULL,'2020-05-27',-5,NULL,3,'2020-05-27 02:25:12','2020-05-27 02:25:12',NULL),(574,13,1,42,NULL,'2020-05-27',-2,NULL,3,'2020-05-27 02:25:41','2020-05-27 02:25:41',NULL),(575,2,1,NULL,NULL,'2020-05-27',250,NULL,1,'2020-05-27 07:20:18','2020-05-27 07:20:18',NULL),(576,2,1,11,NULL,'2020-05-27',-40,NULL,1,'2020-05-27 07:20:31','2020-05-27 07:20:31',NULL),(577,21,1,NULL,1,'2020-05-27',210,NULL,1,'2020-05-27 07:22:22','2020-05-27 07:22:22',NULL),(578,4,1,11,NULL,'2020-05-27',-5,NULL,1,'2020-05-27 07:24:25','2020-05-27 07:24:25',NULL),(579,37,1,1,NULL,'2020-05-26',-2,NULL,1,'2020-05-27 12:35:47','2020-05-27 12:35:47',NULL),(580,2,1,NULL,NULL,'2020-05-28',250,NULL,1,'2020-05-28 01:54:29','2020-05-28 01:54:29',NULL),(581,2,1,3,NULL,'2020-05-28',-160,NULL,1,'2020-05-28 01:54:44','2020-05-28 01:54:44',NULL),(582,2,1,NULL,NULL,'2020-05-28',-60,'ផ្សារញែរ',1,'2020-05-28 01:55:15','2020-05-28 01:55:15',NULL),(583,2,4,NULL,NULL,'2020-05-28',60,'T S',1,'2020-05-28 01:56:37','2020-05-28 01:56:37',NULL),(584,47,1,NULL,3,'2020-05-26',5,NULL,1,'2020-05-28 01:57:54','2020-05-28 01:57:54',NULL),(585,47,1,2,NULL,'2020-05-26',-3,NULL,1,'2020-05-28 01:58:06','2020-05-28 01:58:06',NULL),(587,7,1,NULL,3,'2020-05-28',1,NULL,1,'2020-05-28 02:30:45','2020-05-28 02:30:45',NULL),(588,7,1,5,NULL,'2020-05-28',-1,NULL,1,'2020-05-28 02:31:10','2020-05-28 02:31:10',NULL),(589,37,1,5,NULL,'2020-05-28',-2,NULL,1,'2020-05-28 02:31:38','2020-05-28 02:31:38',NULL),(590,18,1,5,NULL,'2020-05-28',-1,NULL,1,'2020-05-28 02:32:25','2020-05-28 02:32:25',NULL),(591,26,1,4,NULL,'2020-05-28',-5,NULL,1,'2020-05-28 02:33:16','2020-05-28 02:33:16',NULL),(592,6,1,29,NULL,'2020-05-28',-5,NULL,1,'2020-05-28 02:33:49','2020-05-28 02:33:49',NULL),(593,37,1,29,NULL,'2020-05-28',-1,NULL,1,'2020-05-28 02:34:10','2020-05-28 02:34:10',NULL),(594,24,1,29,NULL,'2020-05-28',-1,NULL,1,'2020-05-28 02:34:44','2020-05-28 02:34:44',NULL),(595,47,1,NULL,3,'2020-05-28',2,NULL,1,'2020-05-28 02:35:32','2020-05-28 02:35:32',NULL),(596,47,1,29,NULL,'2020-05-28',-4,NULL,1,'2020-05-28 02:35:45','2020-05-28 02:35:45',NULL),(597,21,1,41,NULL,'2020-05-28',-200,NULL,1,'2020-05-28 02:37:02','2020-05-28 02:37:02',NULL),(598,37,4,NULL,NULL,'2020-05-28',20,'Thai',3,'2020-05-28 05:32:04','2020-05-28 05:32:04',NULL),(599,2,1,12,NULL,'2020-05-29',-50,NULL,3,'2020-05-29 01:41:50','2020-05-29 01:41:50',NULL),(600,2,1,NULL,10,'2020-05-29',250,NULL,3,'2020-05-29 01:42:06','2020-05-29 01:42:06',NULL),(601,15,1,NULL,NULL,'2020-05-29',99,'mom take wrong on 24/04/20',3,'2020-05-29 01:54:27','2020-05-29 01:54:27',NULL),(602,15,1,11,NULL,'2020-05-29',-7,NULL,3,'2020-05-29 01:57:42','2020-05-29 01:57:42',NULL),(603,15,1,NULL,NULL,'2020-05-29',-20,NULL,3,'2020-05-29 01:58:50','2020-05-29 01:58:50',NULL),(604,15,1,35,NULL,'2020-05-29',-160,NULL,3,'2020-05-29 01:59:12','2020-05-29 01:59:12',NULL),(605,2,1,11,NULL,'2020-05-28',-30,NULL,3,'2020-05-29 02:00:01','2020-05-29 02:00:01',NULL),(607,4,1,11,NULL,'2020-05-28',-7,NULL,3,'2020-05-29 02:01:10','2020-05-29 02:01:10',NULL),(608,23,1,11,NULL,'2020-05-28',-3,NULL,3,'2020-05-29 02:01:39','2020-05-29 02:01:39',NULL),(609,47,1,NULL,3,'2020-05-28',12,NULL,3,'2020-05-29 02:02:42','2020-05-29 02:02:42',NULL),(610,2,1,NULL,NULL,'2020-05-29',-200,'ផ្ទេរ ទៅ ទួលស្វាយព្រៃ',3,'2020-05-29 05:51:36','2020-05-29 05:51:36',NULL),(611,2,5,NULL,NULL,'2020-05-29',200,'ផ្ទេរ មកពី ទួលសង្កែរ',3,'2020-05-29 05:51:36','2020-05-29 05:51:36',NULL),(612,7,1,NULL,NULL,'2020-05-29',40,'VN',3,'2020-05-29 06:21:07','2020-05-29 06:21:07',NULL),(613,7,1,4,NULL,'2020-05-29',-10,NULL,3,'2020-05-29 06:21:18','2020-05-29 06:21:18',NULL),(614,7,1,5,NULL,'2020-05-29',-5,NULL,3,'2020-05-29 06:21:27','2020-05-29 06:21:27',NULL),(615,7,1,29,NULL,'2020-05-29',-10,NULL,3,'2020-05-29 06:21:41','2020-05-29 06:21:41',NULL),(616,7,1,3,NULL,'2020-05-29',-10,NULL,3,'2020-05-29 06:21:52','2020-05-29 06:21:52',NULL),(617,2,1,NULL,NULL,'2020-05-30',250,NULL,1,'2020-05-30 00:59:12','2020-05-30 00:59:12',NULL),(618,2,1,NULL,NULL,'2020-05-30',-100,'ផ្ទេរ ទៅ ទួលស្វាយព្រៃ',1,'2020-05-30 01:01:43','2020-05-30 01:01:43',NULL),(619,2,5,NULL,NULL,'2020-05-30',100,'ផ្ទេរ មកពី ទួលសង្កែរ',1,'2020-05-30 01:01:43','2020-05-30 01:01:43',NULL),(620,2,1,NULL,NULL,'2020-05-30',-100,'ផ្ទេរ ទៅ ផ្សារញ៉ែរ',1,'2020-05-30 01:03:45','2020-05-30 01:03:45',NULL),(621,2,4,NULL,NULL,'2020-05-30',100,'ផ្ទេរ មកពី ទួលសង្កែរ',1,'2020-05-30 01:03:45','2020-05-30 01:03:45',NULL),(622,26,1,1,NULL,'2020-05-30',-5,NULL,3,'2020-05-30 03:58:42','2020-05-30 03:58:42',NULL),(623,2,1,11,NULL,'2020-05-30',-20,NULL,3,'2020-05-30 07:36:25','2020-05-30 07:36:25',NULL),(625,21,1,11,NULL,'2020-05-28',-100,NULL,3,'2020-05-30 07:37:57','2020-05-30 07:37:57',NULL),(626,21,1,NULL,1,'2020-05-28',160,NULL,3,'2020-05-30 07:38:31','2020-05-30 07:38:31',NULL),(627,21,1,NULL,NULL,'2020-05-28',-50,'Mabខ្វៈ',3,'2020-05-30 07:39:04','2020-05-30 07:39:04',NULL),(628,21,1,NULL,NULL,'2020-05-30',-150,'ចែខេង+ផ្ទះ',3,'2020-05-30 07:40:08','2020-05-30 07:40:08',NULL),(629,9,1,NULL,NULL,'2020-05-30',20,'Thai (Home 152)',3,'2020-05-30 08:06:58','2020-05-30 08:06:58',NULL),(630,18,1,3,NULL,'2020-06-01',-10,NULL,3,'2020-06-01 01:58:15','2020-06-01 01:58:15',NULL),(631,2,1,3,NULL,'2020-06-01',-160,NULL,3,'2020-06-01 02:00:02','2020-06-01 02:00:02',NULL),(632,2,1,11,NULL,'2020-06-01',-20,NULL,3,'2020-06-01 02:21:29','2020-06-01 02:21:29',NULL),(633,2,1,NULL,NULL,'2020-06-01',250,'SkD',1,'2020-06-01 05:09:46','2020-06-01 05:09:46',NULL),(634,2,1,NULL,NULL,'2020-05-31',-50,'ចំរេីនធាតុ',1,'2020-06-01 05:12:19','2020-06-01 05:12:19',NULL),(636,7,1,11,NULL,'2020-06-01',-2,NULL,1,'2020-06-01 05:13:37','2020-06-01 05:13:37',NULL),(637,21,1,NULL,1,'2020-06-01',160,NULL,1,'2020-06-01 05:14:15','2020-06-01 05:14:15',NULL),(638,6,1,NULL,NULL,'2020-05-28',120,NULL,1,'2020-06-01 05:16:55','2020-06-01 05:16:55',NULL),(639,10,1,NULL,NULL,'2020-05-28',40,NULL,1,'2020-06-01 05:17:35','2020-06-01 05:17:35',NULL),(640,2,1,11,NULL,'2020-06-01',-25,NULL,3,'2020-06-01 07:21:07','2020-06-01 07:21:07',NULL),(641,13,1,2,NULL,'2020-06-01',-2,NULL,1,'2020-06-01 10:44:36','2020-06-01 10:44:36',NULL),(642,9,1,2,NULL,'2020-06-01',-2,NULL,1,'2020-06-01 10:45:09','2020-06-01 10:45:09',NULL),(643,24,1,2,NULL,'2020-06-01',-2,NULL,1,'2020-06-01 10:45:43','2020-06-01 10:45:43',NULL),(644,47,1,2,NULL,'2020-06-01',-3,NULL,1,'2020-06-01 10:46:27','2020-06-01 10:46:27',NULL),(645,14,1,2,NULL,'2020-05-18',-2,NULL,1,'2020-06-01 10:50:26','2020-06-01 10:50:26',NULL),(646,14,1,2,NULL,'2020-06-01',-1,NULL,1,'2020-06-01 10:50:49','2020-06-01 10:50:49',NULL),(647,7,1,NULL,NULL,'2020-06-02',120,'VN',3,'2020-06-02 06:07:28','2020-06-02 06:07:28',NULL),(648,2,1,NULL,NULL,'2020-06-02',100,NULL,3,'2020-06-02 09:35:32','2020-06-02 09:35:32',NULL),(649,2,1,3,NULL,'2020-06-02',-50,NULL,3,'2020-06-02 09:35:45','2020-06-02 09:35:45',NULL),(650,2,1,11,NULL,'2020-06-02',-60,NULL,3,'2020-06-02 09:35:57','2020-06-02 09:35:57',NULL),(651,18,1,NULL,NULL,'2020-06-02',-4,'ភ្លេច_Home28ខែ4',3,'2020-06-02 09:53:03','2020-06-02 09:53:03',NULL),(652,3,4,NULL,NULL,'2020-06-03',-5,'Hea ឃាងធ្វើមី',3,'2020-06-03 02:24:43','2020-06-03 02:24:50','2020-06-03 02:24:50'),(653,3,4,NULL,NULL,'2020-06-03',-5,NULL,3,'2020-06-03 02:25:00','2020-06-03 02:25:07','2020-06-03 02:25:07'),(654,3,4,11,NULL,'2020-06-03',-5,NULL,3,'2020-06-03 02:25:15','2020-06-03 02:25:15',NULL),(655,12,4,NULL,NULL,'2020-06-03',-2,NULL,3,'2020-06-03 02:25:55','2020-06-03 02:25:59','2020-06-03 02:25:59'),(656,12,4,11,NULL,'2020-06-03',-2,NULL,3,'2020-06-03 02:26:08','2020-06-03 02:26:08',NULL),(657,33,4,11,NULL,'2020-06-03',-5,NULL,3,'2020-06-03 02:26:28','2020-06-03 02:26:28',NULL),(658,47,1,NULL,NULL,'2020-06-03',-5,NULL,3,'2020-06-03 02:27:27','2020-06-04 04:22:05','2020-06-04 04:22:05'),(659,9,1,29,NULL,'2020-06-03',-1,NULL,3,'2020-06-03 02:28:04','2020-06-03 02:28:04',NULL),(660,6,1,29,NULL,'2020-06-03',-10,NULL,3,'2020-06-03 02:28:25','2020-06-03 02:28:25',NULL),(661,2,1,3,NULL,'2020-06-03',-40,NULL,3,'2020-06-03 02:28:54','2020-06-03 02:28:54',NULL),(662,2,1,11,NULL,'2020-06-03',-60,NULL,3,'2020-06-03 06:14:23','2020-06-03 06:14:23',NULL),(663,21,1,11,NULL,'2020-06-03',-50,NULL,3,'2020-06-03 06:14:50','2020-06-03 06:14:50',NULL),(664,10,1,11,NULL,'2020-06-03',-4,NULL,3,'2020-06-03 06:15:13','2020-06-03 06:15:13',NULL),(665,16,1,11,NULL,'2020-06-03',-1,NULL,3,'2020-06-03 06:15:33','2020-06-03 06:15:33',NULL),(666,15,1,11,NULL,'2020-06-03',-10,NULL,3,'2020-06-03 06:15:52','2020-06-03 06:16:00','2020-06-03 06:16:00'),(667,15,1,NULL,NULL,'2020-06-01',600,'VN',3,'2020-06-03 06:17:34','2020-06-03 06:17:34',NULL),(668,15,1,11,NULL,'2020-06-01',-10,NULL,3,'2020-06-03 06:20:58','2020-06-03 06:20:58',NULL),(669,2,1,NULL,NULL,'2020-06-03',100,NULL,3,'2020-06-03 10:56:03','2020-06-03 10:56:03',NULL),(670,2,1,2,NULL,'2020-06-03',-1,NULL,3,'2020-06-03 10:56:12','2020-06-03 10:56:12',NULL),(671,2,1,NULL,NULL,'2020-06-04',100,NULL,3,'2020-06-04 00:42:10','2020-06-04 00:42:10',NULL),(672,2,1,NULL,NULL,'2020-06-04',-60,'ផ្ទះ+ក្បាលថ្នល់',3,'2020-06-04 00:43:13','2020-06-04 00:43:13',NULL),(673,2,1,3,NULL,'2020-06-04',-50,NULL,3,'2020-06-04 00:43:29','2020-06-04 00:43:29',NULL),(674,10,1,NULL,NULL,'2020-06-04',3,'ហេង+ចាយ',3,'2020-06-04 00:45:18','2020-06-04 00:45:25','2020-06-04 00:45:25'),(675,10,1,NULL,NULL,'2020-06-04',-3,'ហេង+ចាយ',3,'2020-06-04 00:45:56','2020-06-04 00:45:56',NULL),(676,10,1,NULL,NULL,'2020-06-04',5,'ហេង+ចាយ',3,'2020-06-04 00:46:55','2020-06-04 00:47:11','2020-06-04 00:47:11'),(677,18,1,NULL,NULL,'2020-06-04',-5,'ហេង+ចាយ',3,'2020-06-04 00:47:52','2020-06-04 00:47:52',NULL),(678,20,1,2,NULL,'2020-06-03',-2,NULL,3,'2020-06-04 02:03:42','2020-06-04 02:03:42',NULL),(679,15,1,35,NULL,'2020-06-04',-200,NULL,3,'2020-06-04 02:17:13','2020-06-04 02:17:13',NULL),(680,2,1,2,NULL,'2020-06-04',-1,NULL,3,'2020-06-04 04:20:19','2020-06-04 04:20:19',NULL),(681,47,1,2,NULL,'2020-06-04',-2,NULL,3,'2020-06-04 04:20:55','2020-06-04 04:20:55',NULL),(682,47,1,29,NULL,'2020-06-03',-5,NULL,3,'2020-06-04 04:22:19','2020-06-04 04:22:19',NULL),(683,20,1,2,NULL,'2020-06-04',-2,NULL,3,'2020-06-04 04:23:16','2020-06-04 04:23:16',NULL),(684,7,1,4,NULL,'2020-06-04',-5,NULL,3,'2020-06-04 04:24:02','2020-06-04 04:24:02',NULL),(685,26,1,4,NULL,'2020-06-04',-5,NULL,3,'2020-06-04 04:24:30','2020-06-04 04:24:30',NULL),(686,18,1,4,NULL,'2020-06-04',-1,NULL,3,'2020-06-04 04:25:19','2020-06-04 04:25:19',NULL),(687,6,1,4,NULL,'2020-06-04',-1,NULL,3,'2020-06-04 04:25:47','2020-06-04 04:25:47',NULL),(688,7,4,NULL,NULL,'2020-06-04',40,'T S',1,'2020-06-04 06:52:15','2020-06-04 06:52:15',NULL),(689,10,4,11,NULL,'2020-06-04',-5,NULL,1,'2020-06-04 06:53:07','2020-06-04 06:53:07',NULL),(690,26,4,NULL,NULL,'2020-06-04',20,NULL,1,'2020-06-04 06:54:47','2020-06-04 06:54:47',NULL),(691,26,4,11,NULL,'2020-06-04',-5,NULL,1,'2020-06-04 06:55:00','2020-06-04 06:55:00',NULL),(692,7,1,NULL,NULL,'2020-06-04',-40,'T S',1,'2020-06-04 09:57:06','2020-06-04 09:57:06',NULL),(693,2,1,NULL,NULL,'2020-06-05',100,NULL,1,'2020-06-05 00:37:06','2020-06-05 00:37:06',NULL),(694,2,1,11,NULL,'2020-06-05',-60,NULL,1,'2020-06-05 00:37:19','2020-06-05 00:37:19',NULL),(695,2,1,11,NULL,'2020-06-05',-40,NULL,3,'2020-06-05 07:38:46','2020-06-05 07:38:46',NULL),(696,8,1,11,NULL,'2020-06-05',-4,NULL,3,'2020-06-05 07:39:05','2020-06-05 07:39:05',NULL),(697,2,1,NULL,NULL,'2020-06-06',100,NULL,1,'2020-06-06 08:22:06','2020-06-06 08:22:06',NULL),(698,2,1,NULL,NULL,'2020-06-06',-50,'ផ្សារញែរ',1,'2020-06-06 08:22:38','2020-06-06 08:22:38',NULL),(699,7,1,NULL,NULL,'2020-06-05',-40,'ផ្សារញែរ',1,'2020-06-06 08:24:35','2020-06-06 08:24:35',NULL),(700,7,1,NULL,3,'2020-06-06',5,NULL,1,'2020-06-06 08:25:06','2020-06-06 08:25:15','2020-06-06 08:25:15'),(701,7,1,1,NULL,'2020-06-05',-5,NULL,1,'2020-06-06 08:26:05','2020-06-06 08:26:05',NULL),(702,7,1,NULL,3,'2020-06-06',5,NULL,1,'2020-06-06 08:26:25','2020-06-06 08:26:37','2020-06-06 08:26:37'),(703,7,1,11,NULL,'2020-06-06',-5,NULL,1,'2020-06-06 08:26:53','2020-07-09 08:46:32','2020-07-09 08:46:32'),(704,18,1,NULL,NULL,'2020-06-06',-8,'B B ហុកគា',1,'2020-06-06 08:28:15','2020-06-06 08:28:15',NULL),(705,16,1,11,NULL,'2020-06-06',-3,NULL,1,'2020-06-06 08:28:55','2020-06-06 08:28:55',NULL),(706,27,1,NULL,NULL,'2020-06-06',12,NULL,1,'2020-06-06 08:29:47','2020-06-06 08:29:47',NULL),(707,27,1,NULL,NULL,'2020-06-06',-12,'ផ្សារញែរ',1,'2020-06-06 08:30:08','2020-06-06 08:30:08',NULL),(708,2,4,NULL,NULL,'2020-06-06',50,'TS',1,'2020-06-06 08:31:12','2020-06-06 08:31:12',NULL),(709,15,1,3,NULL,'2020-06-06',-50,NULL,1,'2020-06-06 08:33:45','2020-06-06 08:33:45',NULL),(710,2,1,NULL,NULL,'2020-06-08',100,NULL,1,'2020-06-08 01:01:39','2020-06-08 01:01:39',NULL),(711,2,1,3,NULL,'2020-06-08',-90,NULL,1,'2020-06-08 01:01:53','2020-06-08 01:01:53',NULL),(712,2,1,9,NULL,'2020-06-08',-30,NULL,1,'2020-06-08 01:02:20','2020-06-08 01:02:20',NULL),(713,2,1,9,NULL,'2020-06-08',-20,NULL,1,'2020-06-08 01:02:54','2020-06-08 01:02:54',NULL),(714,4,1,22,NULL,'2020-06-08',-20,NULL,1,'2020-06-08 01:04:51','2020-06-08 01:04:51',NULL),(715,5,1,22,NULL,'2020-06-08',-10,NULL,1,'2020-06-08 01:07:07','2020-06-08 01:07:07',NULL),(716,2,1,3,NULL,'2020-06-08',-50,NULL,1,'2020-06-08 01:23:24','2020-06-08 01:23:24',NULL),(717,37,1,3,NULL,'2020-06-08',-10,NULL,1,'2020-06-08 02:25:27','2020-06-08 02:25:27',NULL),(718,2,1,NULL,NULL,'2020-06-08',-20,'ពេទ្យជប៉ុន',1,'2020-06-08 07:43:01','2020-06-08 07:43:01',NULL),(719,47,1,NULL,NULL,'2020-06-08',60,NULL,1,'2020-06-08 07:53:25','2020-06-08 07:53:25',NULL),(720,15,1,20,NULL,'2020-06-08',-40,NULL,1,'2020-06-08 07:55:13','2020-06-08 07:55:13',NULL),(721,2,1,NULL,NULL,'2020-06-09',100,NULL,1,'2020-06-09 07:41:14','2020-06-09 07:41:14',NULL),(722,2,1,NULL,NULL,'2020-06-09',-50,'M D',1,'2020-06-09 07:41:31','2020-06-09 07:41:31',NULL),(723,2,1,11,NULL,'2020-06-09',-50,NULL,1,'2020-06-09 07:42:06','2020-06-09 07:42:06',NULL),(724,18,1,NULL,NULL,'2020-06-09',50,NULL,3,'2020-06-09 07:43:36','2020-06-09 07:43:36',NULL),(725,21,1,NULL,NULL,'2020-06-01',-160,'Hir mabខ្វះ',1,'2020-06-09 07:48:08','2020-06-09 07:48:08',NULL),(726,21,1,NULL,NULL,'2020-06-01',40,'ចំរេីនធាតុ',1,'2020-06-09 07:49:40','2020-06-09 07:49:40',NULL),(727,21,1,NULL,1,'2020-06-03',40,NULL,1,'2020-06-09 07:50:21','2020-06-09 07:50:21',NULL),(728,21,1,11,NULL,'2020-06-03',-100,NULL,1,'2020-06-09 07:50:46','2020-06-09 07:50:46',NULL),(729,21,1,NULL,3,'2020-06-04',10,NULL,1,'2020-06-09 07:52:03','2020-06-09 07:52:08','2020-06-09 07:52:08'),(730,21,1,11,NULL,'2020-06-04',-10,NULL,1,'2020-06-09 07:52:24','2020-06-09 07:52:24',NULL),(731,21,1,NULL,1,'2020-06-04',50,NULL,1,'2020-06-09 07:52:39','2020-06-09 07:52:39',NULL),(732,21,1,NULL,NULL,'2020-06-04',-50,'Mabខ្វៈ',1,'2020-06-09 07:53:06','2020-06-09 07:53:06',NULL),(733,18,1,3,NULL,'2020-06-09',-10,NULL,3,'2020-06-09 07:53:45','2020-06-09 07:53:45',NULL),(734,21,1,NULL,1,'2020-06-08',140,NULL,1,'2020-06-09 07:53:58','2020-06-09 07:53:58',NULL),(735,21,1,NULL,NULL,'2020-06-08',200,'Hir Mab សង',1,'2020-06-09 07:55:54','2020-06-09 07:55:54',NULL),(736,21,1,NULL,NULL,'2020-06-08',-100,NULL,1,'2020-06-09 07:56:16','2020-06-09 07:56:16',NULL),(737,21,1,NULL,NULL,'2020-06-09',100,'M D',1,'2020-06-09 07:56:41','2020-06-09 07:56:41',NULL),(738,21,1,11,NULL,'2020-06-09',-100,NULL,1,'2020-06-09 07:56:59','2020-06-09 07:56:59',NULL),(739,37,4,NULL,NULL,'2020-06-09',-10,'ផ្ទេរ ទៅ ទួលសង្កែរ',3,'2020-06-09 08:00:46','2020-06-09 08:00:46',NULL),(740,37,1,NULL,NULL,'2020-06-09',10,'ផ្ទេរ មកពី ផ្សារញ៉ែរ',3,'2020-06-09 08:00:46','2020-06-09 08:00:46',NULL),(741,47,1,NULL,NULL,'2020-06-09',-20,'ផ្ទេរ ទៅ ផ្សារញ៉ែរ',3,'2020-06-09 08:01:44','2020-06-09 08:01:44',NULL),(742,47,4,NULL,NULL,'2020-06-09',20,'ផ្ទេរ មកពី ទួលសង្កែរ',3,'2020-06-09 08:01:44','2020-06-09 08:01:44',NULL),(743,7,1,29,NULL,'2020-06-09',-5,NULL,3,'2020-06-09 08:02:24','2020-06-09 08:02:24',NULL),(744,42,1,29,NULL,'2020-06-09',-1,NULL,3,'2020-06-09 08:02:52','2020-06-09 08:02:52',NULL),(745,41,1,29,NULL,'2020-06-09',-1,NULL,3,'2020-06-09 08:03:21','2020-06-09 08:03:21',NULL),(746,47,1,29,NULL,'2020-06-09',-5,NULL,3,'2020-06-09 08:04:25','2020-06-09 08:04:25',NULL),(747,37,1,29,NULL,'2020-06-09',-1,NULL,3,'2020-06-09 08:04:51','2020-06-09 08:04:51',NULL),(748,9,1,29,NULL,'2020-06-09',-1,NULL,3,'2020-06-09 08:05:22','2020-06-09 08:05:22',NULL),(749,7,1,1,NULL,'2020-06-09',-5,NULL,3,'2020-06-09 08:28:39','2020-06-09 08:28:39',NULL),(750,26,1,1,NULL,'2020-06-09',-5,NULL,3,'2020-06-09 08:29:07','2020-06-09 08:29:07',NULL),(751,37,1,1,NULL,'2020-06-09',-1,NULL,3,'2020-06-09 08:29:39','2020-06-09 08:29:39',NULL),(752,4,1,22,NULL,'2020-06-10',-30,NULL,1,'2020-06-10 01:23:24','2020-06-10 01:23:24',NULL),(753,2,1,NULL,NULL,'2020-06-10',100,NULL,1,'2020-06-10 01:23:53','2020-06-10 01:23:53',NULL),(754,2,1,11,NULL,'2020-06-10',-20,NULL,1,'2020-06-10 01:24:11','2020-06-10 06:08:58','2020-06-10 06:08:58'),(755,5,1,22,NULL,'2020-06-10',-10,NULL,3,'2020-06-10 01:38:05','2020-06-10 01:38:05',NULL),(756,2,1,11,NULL,'2020-06-10',-30,NULL,3,'2020-06-10 05:26:22','2020-06-10 05:26:22',NULL),(757,2,1,11,NULL,'2020-06-10',-25,NULL,1,'2020-06-10 06:09:16','2020-06-10 06:09:16',NULL),(758,3,1,NULL,NULL,'2020-06-08',-10,'ផ្សារញែរ',1,'2020-06-10 06:13:29','2020-06-10 06:13:29',NULL),(759,3,1,NULL,NULL,'2020-06-10',-9,'ផ្សារញែរ',1,'2020-06-10 06:14:28','2020-06-10 06:14:28',NULL),(760,3,1,11,NULL,'2020-06-10',-1,NULL,1,'2020-06-10 06:14:44','2020-06-10 06:14:44',NULL),(761,47,1,NULL,NULL,'2020-06-10',-10,'ផ្សារញែរ',1,'2020-06-10 06:16:24','2020-06-10 06:16:24',NULL),(762,47,1,11,NULL,'2020-06-09',-10,NULL,1,'2020-06-10 06:17:24','2020-06-10 06:17:24',NULL),(763,47,4,NULL,NULL,'2020-06-10',10,'ផ្សារញែរ',1,'2020-06-10 06:18:18','2020-06-10 06:27:03','2020-06-10 06:27:03'),(764,3,4,NULL,NULL,'2020-06-10',19,'T S',1,'2020-06-10 06:25:35','2020-06-10 06:25:35',NULL),(765,47,4,NULL,NULL,'2020-06-10',10,'T S',1,'2020-06-10 06:27:29','2020-06-10 06:27:29',NULL),(766,26,1,4,NULL,'2020-06-10',-5,NULL,1,'2020-06-10 12:37:14','2020-06-10 12:37:14',NULL),(767,7,1,4,NULL,'2020-06-10',-5,NULL,1,'2020-06-10 12:38:10','2020-06-10 12:38:10',NULL),(768,10,1,4,NULL,'2020-06-10',-2,NULL,1,'2020-06-10 12:38:50','2020-06-10 12:38:50',NULL),(769,18,1,11,NULL,'2020-06-09',-3,NULL,1,'2020-06-11 01:36:30','2020-06-11 01:36:30',NULL),(770,2,1,NULL,NULL,'2020-06-11',50,NULL,1,'2020-06-11 06:10:45','2020-06-11 06:10:45',NULL),(771,2,1,3,NULL,'2020-06-11',-50,NULL,1,'2020-06-11 06:10:58','2020-06-11 06:10:58',NULL),(772,45,1,NULL,NULL,'2020-06-12',2,NULL,3,'2020-06-12 01:46:08','2020-06-12 01:46:08',NULL),(773,46,1,NULL,NULL,'2020-06-12',2,NULL,3,'2020-06-12 01:46:32','2020-06-12 01:46:32',NULL),(774,2,1,11,NULL,'2020-06-12',-25,NULL,3,'2020-06-12 01:53:43','2020-06-12 01:53:43',NULL),(775,2,1,3,NULL,'2020-06-12',-30,NULL,3,'2020-06-12 01:53:58','2020-06-12 01:53:58',NULL),(776,2,1,11,NULL,'2020-06-12',-25,NULL,1,'2020-06-12 07:54:48','2020-06-12 07:55:23','2020-06-12 07:55:23'),(777,2,1,3,NULL,'2020-06-12',-30,NULL,1,'2020-06-12 07:55:01','2020-06-12 07:55:18','2020-06-12 07:55:18'),(778,2,1,11,NULL,'2020-06-12',-30,NULL,1,'2020-06-12 07:55:51','2020-06-12 07:55:51',NULL),(779,24,1,42,NULL,'2020-06-12',-3,NULL,1,'2020-06-12 07:57:03','2020-06-12 07:57:03',NULL),(780,14,1,42,NULL,'2020-06-12',-3,NULL,1,'2020-06-12 07:57:42','2020-06-12 07:57:42',NULL),(781,21,1,NULL,NULL,'2020-06-12',-100,'Hirយីស្ទោង',1,'2020-06-12 07:59:19','2020-06-12 07:59:19',NULL),(782,7,1,1,NULL,'2020-06-13',-10,NULL,3,'2020-06-13 06:37:29','2020-06-13 06:37:29',NULL),(783,15,1,35,NULL,'2020-06-13',-300,NULL,3,'2020-06-13 06:37:51','2020-06-13 06:37:51',NULL),(784,6,1,35,NULL,'2020-06-13',-120,NULL,3,'2020-06-13 06:38:30','2020-06-13 06:38:30',NULL),(785,2,1,11,NULL,'2020-06-13',-30,NULL,3,'2020-06-13 06:38:51','2020-06-13 06:38:51',NULL),(786,4,1,11,NULL,'2020-06-13',-3,NULL,3,'2020-06-13 06:39:18','2020-06-13 06:39:18',NULL),(787,21,1,41,NULL,'2020-06-13',-120,NULL,3,'2020-06-13 06:40:18','2020-06-13 06:40:18',NULL),(788,21,1,NULL,1,'2020-06-12',30,NULL,3,'2020-06-13 07:38:30','2020-06-13 07:38:30',NULL),(789,21,1,NULL,3,'2020-06-12',50,NULL,3,'2020-06-13 07:39:42','2020-06-13 07:40:21','2020-06-13 07:40:21'),(790,21,1,3,NULL,'2020-06-11',-50,NULL,3,'2020-06-13 07:40:51','2020-06-13 07:41:44','2020-06-13 07:41:44'),(791,21,1,NULL,1,'2020-06-11',50,NULL,3,'2020-06-13 07:41:59','2020-06-13 07:41:59',NULL),(792,21,1,11,NULL,'2020-06-11',-100,NULL,3,'2020-06-13 07:42:26','2020-06-13 07:42:26',NULL),(807,2,1,47,NULL,'2020-06-14',-50,NULL,1,'2020-06-15 01:09:22','2020-06-15 01:09:22',NULL),(808,2,1,9,NULL,'2020-06-15',-50,NULL,1,'2020-06-15 01:09:54','2020-06-15 01:09:54',NULL),(809,3,4,NULL,NULL,'2020-06-15',-5,'សែលាង',1,'2020-06-15 01:34:10','2020-06-15 01:34:10',NULL),(810,7,4,NULL,NULL,'2020-06-15',-15,'ផ្ទេរ ទៅ ទួលសង្កែរ',3,'2020-06-15 02:19:48','2020-06-15 02:19:48',NULL),(811,7,1,NULL,NULL,'2020-06-15',15,'ផ្ទេរ មកពី ផ្សារញ៉ែរ',3,'2020-06-15 02:19:48','2020-06-15 02:19:48',NULL),(812,47,1,29,NULL,'2020-06-15',-5,NULL,3,'2020-06-15 03:15:39','2020-06-15 03:15:39',NULL),(813,7,1,29,NULL,'2020-06-15',-5,NULL,3,'2020-06-15 03:16:06','2020-06-15 03:16:06',NULL),(814,9,1,29,NULL,'2020-06-15',-1,NULL,3,'2020-06-15 03:16:35','2020-06-15 03:16:35',NULL),(815,37,1,29,NULL,'2020-06-15',-2,NULL,3,'2020-06-15 03:18:09','2020-06-15 03:18:09',NULL),(816,26,1,1,NULL,'2020-06-15',-5,NULL,3,'2020-06-15 03:23:02','2020-06-15 03:23:02',NULL),(817,41,1,NULL,NULL,'2020-06-15',4,'Psar Nhae',3,'2020-06-15 03:25:10','2020-06-15 03:25:10',NULL),(818,41,1,1,NULL,'2020-06-15',-1,NULL,3,'2020-06-15 03:25:25','2020-06-15 03:25:25',NULL),(819,42,1,1,NULL,'2020-06-15',-4,NULL,3,'2020-06-15 03:26:01','2020-06-15 03:26:06','2020-06-15 03:26:06'),(820,42,1,NULL,NULL,'2020-06-15',4,'psar nhae',3,'2020-06-15 03:26:28','2020-06-15 03:26:28',NULL),(821,42,1,1,NULL,'2020-06-15',-1,NULL,3,'2020-06-15 03:26:58','2020-06-15 03:26:58',NULL),(822,2,1,11,NULL,'2020-06-15',-15,NULL,3,'2020-06-15 07:12:58','2020-06-15 07:12:58',NULL),(823,2,1,11,NULL,'2020-06-15',-50,NULL,3,'2020-06-15 07:13:43','2020-06-15 07:13:43',NULL),(828,4,1,22,NULL,'2020-06-15',-20,NULL,3,'2020-06-15 10:01:45','2020-06-15 10:01:45',NULL),(829,5,1,22,NULL,'2020-06-15',-15,NULL,3,'2020-06-15 10:04:58','2020-06-15 10:04:58',NULL),(830,26,1,NULL,NULL,'2020-06-15',40,NULL,3,'2020-06-15 12:35:01','2020-06-15 12:35:01',NULL),(831,7,4,NULL,NULL,'2020-06-05',40,NULL,3,'2020-06-15 12:37:44','2020-06-15 12:37:44',NULL),(832,2,1,3,NULL,'2020-06-16',-50,NULL,3,'2020-06-16 01:54:44','2020-06-16 01:54:44',NULL),(833,2,1,3,NULL,'2020-06-16',-90,NULL,3,'2020-06-16 02:04:24','2020-06-16 02:04:24',NULL),(834,2,1,11,NULL,'2020-06-16',-40,NULL,3,'2020-06-16 07:00:55','2020-06-16 07:00:55',NULL),(835,19,1,11,NULL,'2020-06-16',-3,NULL,3,'2020-06-16 07:01:15','2020-06-16 07:01:15',NULL),(836,10,1,11,NULL,'2020-06-16',-5,NULL,3,'2020-06-16 07:02:08','2020-06-16 07:02:08',NULL),(837,47,1,2,NULL,'2020-06-16',-5,NULL,3,'2020-06-16 07:02:32','2020-06-16 07:02:32',NULL),(838,24,1,2,NULL,'2020-06-16',-2,NULL,3,'2020-06-16 07:03:19','2020-06-16 07:03:19',NULL),(839,14,1,2,NULL,'2020-06-16',-2,NULL,3,'2020-06-16 07:03:38','2020-06-16 07:03:38',NULL),(840,2,1,NULL,NULL,'2020-06-16',100,NULL,3,'2020-06-17 01:31:33','2020-06-17 01:31:33',NULL),(841,2,1,NULL,NULL,'2020-06-17',50,NULL,3,'2020-06-17 01:32:26','2020-06-17 01:32:26',NULL),(842,2,1,3,NULL,'2020-06-17',-90,NULL,3,'2020-06-17 01:32:40','2020-06-17 01:32:40',NULL),(843,2,1,11,NULL,'2020-06-17',-20,NULL,3,'2020-06-17 01:32:56','2020-06-17 01:32:56',NULL),(844,21,1,NULL,NULL,'2020-06-15',50,'ចំរេីនធាតុ',3,'2020-06-17 01:36:15','2020-06-17 01:36:15',NULL),(845,21,1,11,NULL,'2020-06-16',-50,NULL,3,'2020-06-17 01:36:34','2020-06-17 01:36:34',NULL),(846,21,1,NULL,1,'2020-06-17',140,NULL,3,'2020-06-17 01:38:37','2020-06-17 01:38:37',NULL),(847,21,1,NULL,1,'2020-06-17',90,NULL,3,'2020-06-17 01:38:51','2020-06-17 01:38:51',NULL),(848,2,1,47,NULL,'2020-06-17',-50,NULL,3,'2020-06-17 05:57:01','2020-06-17 05:57:01',NULL),(849,21,1,NULL,NULL,'2020-06-17',65,'ចំរេីនធាតុ',3,'2020-06-17 05:59:26','2020-06-17 06:33:53','2020-06-17 06:33:53'),(850,6,1,3,NULL,'2020-06-17',-20,NULL,1,'2020-06-17 06:22:55','2020-06-17 06:22:55',NULL),(851,7,1,3,NULL,'2020-06-17',-5,NULL,1,'2020-06-17 06:25:07','2020-06-17 06:25:07',NULL),(852,18,1,3,NULL,'2020-06-17',-10,NULL,1,'2020-06-17 06:25:51','2020-06-17 06:25:51',NULL),(853,20,1,3,NULL,'2020-06-17',-2,NULL,1,'2020-06-17 06:26:47','2020-06-22 02:42:06','2020-06-22 02:42:06'),(854,21,1,NULL,NULL,'2020-06-17',55,'ចំរេីនធាតុ',3,'2020-06-17 06:34:31','2020-06-17 06:34:31',NULL),(855,23,1,NULL,NULL,'2020-06-18',-20,'ជុង',1,'2020-06-18 01:35:29','2020-06-18 01:35:29',NULL),(856,26,1,4,NULL,'2020-06-18',-5,NULL,3,'2020-06-18 02:15:49','2020-06-18 02:15:49',NULL),(857,7,1,4,NULL,'2020-06-18',-5,NULL,3,'2020-06-18 02:16:11','2020-06-18 02:16:11',NULL),(858,2,1,3,NULL,'2020-06-18',-20,NULL,1,'2020-06-18 07:17:06','2020-06-18 07:25:36','2020-06-18 07:25:36'),(859,31,1,4,NULL,'2020-06-18',-1,NULL,1,'2020-06-18 07:19:38','2020-06-18 07:19:38',NULL),(860,30,1,NULL,NULL,'2020-06-18',5,NULL,1,'2020-06-18 07:20:33','2020-06-18 07:20:33',NULL),(861,6,1,11,NULL,'2020-06-03',-5,NULL,1,'2020-06-18 07:23:27','2020-06-18 07:23:27',NULL),(862,2,1,11,NULL,'2020-06-18',-20,NULL,1,'2020-06-18 07:25:54','2020-06-18 07:25:54',NULL),(863,37,4,NULL,NULL,'2020-06-18',-10,NULL,1,'2020-06-18 07:26:47','2020-06-18 07:26:47',NULL),(864,47,4,NULL,NULL,'2020-06-18',-5,'T S',1,'2020-06-18 07:27:39','2020-06-18 07:27:39',NULL),(865,47,1,42,NULL,'2020-06-18',-5,NULL,1,'2020-06-18 07:50:39','2020-06-18 07:50:39',NULL),(866,47,1,NULL,NULL,'2020-06-18',5,'ផ្សារញែរ',1,'2020-06-18 07:51:20','2020-06-18 07:51:20',NULL),(867,21,1,11,NULL,'2020-06-17',-100,NULL,1,'2020-06-19 07:42:07','2020-06-19 07:42:07',NULL),(868,21,1,NULL,1,'2020-06-17',90,NULL,1,'2020-06-19 07:42:30','2020-06-19 07:42:30',NULL),(869,21,1,NULL,NULL,'2020-06-17',95,'Mabសង',1,'2020-06-19 07:42:57','2020-06-19 07:42:57',NULL),(870,21,1,11,NULL,'2020-06-19',-100,NULL,1,'2020-06-19 07:43:28','2020-06-19 07:43:28',NULL),(871,2,1,11,NULL,'2020-06-19',-30,NULL,1,'2020-06-19 07:46:02','2020-06-30 04:08:57',NULL),(872,6,1,NULL,NULL,'2020-06-19',120,NULL,1,'2020-06-19 07:47:19','2020-06-19 07:47:19',NULL),(873,6,1,3,NULL,'2020-06-19',-80,NULL,1,'2020-06-19 07:47:33','2020-06-19 07:47:33',NULL),(874,6,1,11,NULL,'2020-06-19',-5,NULL,1,'2020-06-19 07:47:48','2020-06-19 07:47:48',NULL),(875,10,1,11,NULL,'2020-06-19',-5,NULL,1,'2020-06-19 07:48:31','2020-06-19 07:48:31',NULL),(876,28,1,NULL,NULL,'2020-06-19',-7,'ស៊ោរ',1,'2020-06-20 06:11:34','2020-06-20 06:11:34',NULL),(877,28,1,NULL,NULL,'2020-06-20',-10,NULL,1,'2020-06-20 06:12:01','2020-06-20 06:12:07','2020-06-20 06:12:07'),(878,28,1,NULL,NULL,'2020-06-20',-10,'ព្រះវិហារ',1,'2020-06-20 06:12:52','2020-06-20 06:12:52',NULL),(879,21,1,41,NULL,'2020-06-20',-200,NULL,1,'2020-06-20 06:13:40','2020-06-20 06:13:40',NULL),(880,1,1,NULL,NULL,'2020-06-20',126,NULL,1,'2020-06-20 07:17:55','2020-06-20 07:17:55',NULL),(881,1,1,NULL,NULL,'2020-06-20',-40,NULL,1,'2020-06-20 07:19:17','2020-06-20 07:19:25','2020-06-20 07:19:25'),(882,1,1,11,NULL,'2020-06-20',-40,NULL,1,'2020-06-20 07:19:46','2020-06-20 07:19:46',NULL),(883,2,5,NULL,NULL,'2020-06-20',-100,'ផ្ទេរ ទៅ ទួលសង្កែរ',1,'2020-06-20 09:57:57','2020-06-20 09:57:57',NULL),(884,2,1,NULL,NULL,'2020-06-20',100,'ផ្ទេរ មកពី ទួលស្វាយព្រៃ',1,'2020-06-20 09:57:57','2020-06-20 09:57:57',NULL),(885,21,1,11,NULL,'2020-06-20',-70,NULL,1,'2020-06-20 09:59:07','2020-06-20 09:59:07',NULL),(886,2,1,NULL,10,'2020-06-22',100,NULL,3,'2020-06-22 01:43:21','2020-06-22 01:43:21',NULL),(887,2,1,3,NULL,'2020-06-22',-50,NULL,3,'2020-06-22 01:43:31','2020-06-22 01:43:31',NULL),(888,2,1,3,NULL,'2020-06-22',-160,NULL,3,'2020-06-22 01:43:51','2020-06-22 01:43:51',NULL),(889,15,1,NULL,NULL,'2020-06-22',1000,'VN',3,'2020-06-22 01:45:08','2020-06-22 01:45:08',NULL),(890,15,1,35,NULL,'2020-06-22',-200,NULL,3,'2020-06-22 01:55:24','2020-06-22 01:55:24',NULL),(891,9,1,2,NULL,'2020-06-22',-1,NULL,3,'2020-06-22 01:57:17','2020-06-22 01:57:17',NULL),(892,20,1,42,NULL,'2020-06-15',-5,NULL,3,'2020-06-22 02:39:08','2020-06-22 02:39:08',NULL),(893,20,1,11,NULL,'2020-06-17',-2,NULL,3,'2020-06-22 02:42:01','2020-06-22 02:42:01',NULL),(894,20,1,42,NULL,'2020-06-17',-5,NULL,3,'2020-06-22 02:42:39','2020-06-22 02:42:39',NULL),(895,13,1,42,NULL,'2020-06-22',-2,NULL,3,'2020-06-22 02:43:48','2020-06-22 02:43:48',NULL),(896,9,1,42,NULL,'2020-06-22',-1,NULL,3,'2020-06-22 02:44:38','2020-06-22 02:44:38',NULL),(897,47,1,29,NULL,'2020-06-22',-5,NULL,3,'2020-06-22 02:46:36','2020-06-22 02:46:36',NULL),(898,7,1,29,NULL,'2020-06-22',-3,NULL,3,'2020-06-22 02:47:00','2020-06-22 02:47:00',NULL),(899,45,1,29,NULL,'2020-06-22',-1,NULL,3,'2020-06-22 02:47:40','2020-06-22 02:47:40',NULL),(900,6,1,29,NULL,'2020-06-22',-10,NULL,3,'2020-06-22 02:48:00','2020-06-22 02:48:00',NULL),(901,9,1,29,NULL,'2020-06-22',-1,NULL,3,'2020-06-22 02:48:28','2020-06-22 02:48:28',NULL),(902,15,1,20,NULL,'2020-06-22',-40,NULL,3,'2020-06-22 02:49:33','2020-06-22 02:49:33',NULL),(903,1,1,20,NULL,'2020-06-22',-1,NULL,3,'2020-06-22 02:59:04','2020-06-23 01:58:26','2020-06-23 01:58:26'),(904,2,1,3,NULL,'2020-06-23',-160,NULL,3,'2020-06-23 02:20:44','2020-06-23 02:20:55','2020-06-23 02:20:55'),(905,2,1,NULL,10,'2020-06-23',120,NULL,3,'2020-06-23 02:21:04','2020-06-23 02:21:04',NULL),(906,2,1,3,NULL,'2020-06-23',-160,NULL,3,'2020-06-23 02:21:22','2020-06-23 02:21:22',NULL),(907,15,1,3,NULL,'2020-06-23',-50,NULL,3,'2020-06-23 02:22:26','2020-06-23 02:22:26',NULL),(908,15,1,NULL,NULL,'2020-06-23',-20,'យៀនខ្ចី',3,'2020-06-23 07:14:05','2020-06-23 07:14:05',NULL),(909,47,4,NULL,NULL,'2020-06-23',-10,'ផ្ទេរ ទៅ ទួលសង្កែរ',3,'2020-06-23 07:15:52','2020-06-23 07:15:52',NULL),(910,47,1,NULL,NULL,'2020-06-23',10,'ផ្ទេរ មកពី ផ្សារញ៉ែរ',3,'2020-06-23 07:15:52','2020-06-23 07:15:52',NULL),(911,7,4,NULL,NULL,'2020-06-23',-15,'ផ្ទេរ ទៅ ទួលសង្កែរ',3,'2020-06-23 07:19:28','2020-06-23 07:19:28',NULL),(912,7,1,NULL,NULL,'2020-06-23',15,'ផ្ទេរ មកពី ផ្សារញ៉ែរ',3,'2020-06-23 07:19:28','2020-06-23 07:19:28',NULL),(913,2,1,11,NULL,'2020-06-22',-20,NULL,3,'2020-06-23 07:22:20','2020-06-23 07:22:20',NULL),(914,2,1,11,NULL,'2020-06-24',-6,NULL,3,'2020-06-23 07:22:43','2020-06-23 07:22:43',NULL),(915,2,1,NULL,10,'2020-06-24',180,NULL,3,'2020-06-24 01:47:18','2020-06-24 01:47:18',NULL),(916,2,1,3,NULL,'2020-06-24',-160,NULL,3,'2020-06-24 01:47:32','2020-06-24 01:47:32',NULL),(917,4,1,22,NULL,'2020-06-24',-20,NULL,3,'2020-06-24 01:47:53','2020-06-24 01:47:53',NULL),(918,5,1,22,NULL,'2020-06-24',-10,NULL,3,'2020-06-24 01:48:10','2020-06-24 01:48:10',NULL),(919,37,1,NULL,NULL,'2020-06-24',15,'Home',3,'2020-06-24 01:48:36','2020-06-24 01:48:36',NULL),(920,37,1,3,NULL,'2020-06-24',-10,NULL,3,'2020-06-24 01:48:45','2020-06-24 01:48:45',NULL),(921,2,1,11,NULL,'2020-06-24',-20,NULL,3,'2020-06-24 04:30:14','2020-06-24 04:30:14',NULL),(922,1,1,NULL,NULL,'2020-06-23',-1,'សាំងហេង',3,'2020-06-25 01:40:02','2020-06-25 01:40:02',NULL),(923,1,1,NULL,NULL,'2020-06-24',-15,'ហ៊ាផល',3,'2020-06-25 01:40:44','2020-06-25 01:40:44',NULL),(924,2,1,NULL,10,'2020-06-25',100,NULL,3,'2020-06-25 07:45:57','2020-06-25 07:45:57',NULL),(925,2,1,3,NULL,'2020-06-25',-90,NULL,3,'2020-06-25 07:46:11','2020-06-25 07:46:11',NULL),(926,2,1,11,NULL,'2020-06-25',-10,NULL,3,'2020-06-25 07:46:20','2020-06-25 07:46:20',NULL),(927,20,1,11,NULL,'2020-06-25',-10,NULL,3,'2020-06-25 07:46:38','2020-06-25 07:46:38',NULL),(928,26,1,4,NULL,'2020-06-25',-5,NULL,3,'2020-06-25 07:47:12','2020-06-25 07:47:12',NULL),(929,10,1,4,NULL,'2020-06-25',-3,NULL,3,'2020-06-25 07:47:36','2020-06-25 07:47:36',NULL),(930,6,1,11,NULL,'2020-06-25',-10,NULL,3,'2020-06-25 07:48:28','2020-06-25 07:48:28',NULL),(931,18,1,NULL,NULL,'2020-06-24',50,NULL,1,'2020-06-25 13:32:37','2020-06-25 13:32:37',NULL),(932,7,4,11,NULL,'2020-06-25',-2,NULL,1,'2020-06-25 13:34:25','2020-06-25 13:34:25',NULL),(933,12,4,NULL,NULL,'2020-06-25',4,NULL,1,'2020-06-25 13:34:56','2020-06-25 13:34:56',NULL),(934,2,1,NULL,10,'2020-06-26',50,NULL,3,'2020-06-26 02:52:15','2020-06-26 02:52:15',NULL),(935,2,1,11,NULL,'2020-06-26',-30,NULL,3,'2020-06-26 02:52:24','2020-06-26 02:52:24',NULL),(936,2,5,NULL,NULL,'2020-06-26',-60,'ផ្ទេរ ទៅ ទួលសង្កែរ',3,'2020-06-26 02:52:54','2020-06-26 02:52:54',NULL),(937,2,1,NULL,NULL,'2020-06-26',60,'ផ្ទេរ មកពី ទួលស្វាយព្រៃ',3,'2020-06-26 02:52:54','2020-06-26 02:52:54',NULL),(938,7,1,29,NULL,'2020-06-26',-5,NULL,3,'2020-06-26 03:23:44','2020-06-26 03:23:44',NULL),(939,47,1,29,NULL,'2020-06-26',-5,NULL,3,'2020-06-26 03:24:06','2020-06-26 03:24:06',NULL),(940,47,1,2,NULL,'2020-06-26',-5,NULL,3,'2020-06-26 03:24:18','2020-06-26 03:24:18',NULL),(941,6,1,11,NULL,'2020-06-27',-16,NULL,3,'2020-06-27 03:25:36','2020-06-27 03:25:36',NULL),(942,2,1,11,NULL,'2020-06-27',-30,NULL,3,'2020-06-27 07:53:59','2020-06-27 07:53:59',NULL),(943,26,1,11,NULL,'2020-06-27',-5,NULL,3,'2020-06-27 07:54:28','2020-06-27 07:54:28',NULL),(944,10,1,11,NULL,'2020-06-27',-6,NULL,3,'2020-06-27 07:55:05','2020-06-27 07:55:05',NULL),(945,8,1,11,NULL,'2020-06-27',-4,NULL,3,'2020-06-27 07:55:41','2020-06-27 07:55:41',NULL),(946,6,1,NULL,NULL,'2020-06-27',160,'VN',3,'2020-06-27 07:56:23','2020-06-27 07:56:23',NULL),(947,6,1,11,NULL,'2020-06-27',-10,NULL,3,'2020-06-27 07:56:51','2020-06-27 07:56:51',NULL),(948,1,1,NULL,3,'2020-06-27',20,NULL,1,'2020-06-27 09:59:00','2020-06-27 09:59:04','2020-06-27 09:59:04'),(949,1,1,11,NULL,'2020-06-27',-20,NULL,1,'2020-06-27 09:59:18','2020-06-27 09:59:18',NULL),(950,2,1,NULL,NULL,'2020-06-27',50,NULL,1,'2020-06-27 09:59:59','2020-06-27 09:59:59',NULL),(951,24,1,NULL,NULL,'2020-06-24',20,NULL,1,'2020-06-27 10:07:44','2020-06-27 10:07:44',NULL),(952,24,1,11,NULL,'2020-06-24',-2,NULL,1,'2020-06-27 10:08:10','2020-06-27 10:08:31','2020-06-27 10:08:31'),(953,24,1,11,NULL,'2020-06-27',-2,NULL,1,'2020-06-27 10:08:48','2020-06-27 10:08:48',NULL),(954,1,1,11,NULL,'2020-06-29',-20,NULL,1,'2020-06-29 12:47:01','2020-06-29 12:47:01',NULL),(955,2,1,11,NULL,'2020-06-29',-20,NULL,1,'2020-06-29 12:47:30','2020-06-29 12:47:30',NULL),(956,47,1,NULL,NULL,'2020-06-29',10,'T S',1,'2020-06-29 12:48:30','2020-06-29 12:48:30',NULL),(957,7,4,NULL,NULL,'2020-06-29',-10,'ផ្ទេរ ទៅ ទួលសង្កែរ',1,'2020-06-29 12:50:54','2020-06-29 12:50:54',NULL),(958,7,1,NULL,NULL,'2020-06-29',10,'ផ្ទេរ មកពី ផ្សារញ៉ែរ',1,'2020-06-29 12:50:54','2020-06-29 12:50:54',NULL),(959,47,4,NULL,NULL,'2020-06-29',-10,'ផ្សារញែរ',1,'2020-06-29 12:54:25','2020-06-29 12:54:25',NULL),(960,7,1,4,NULL,'2020-06-30',-5,NULL,3,'2020-06-30 04:35:45','2020-06-30 04:35:45',NULL),(961,2,1,NULL,10,'2020-06-30',100,NULL,3,'2020-06-30 04:36:22','2020-06-30 04:36:22',NULL),(962,2,1,47,NULL,'2020-06-30',-50,NULL,3,'2020-06-30 04:36:36','2020-06-30 04:36:36',NULL),(963,7,1,NULL,NULL,'2020-06-30',240,NULL,1,'2020-06-30 07:15:24','2020-06-30 07:15:24',NULL),(964,7,1,11,NULL,'2020-06-30',-1,NULL,1,'2020-06-30 07:16:01','2020-06-30 07:16:01',NULL),(965,7,1,NULL,NULL,'2020-06-30',-30,'ផ្ទេរ ទៅ No 55',1,'2020-06-30 07:16:52','2020-06-30 07:16:52',NULL),(966,7,3,NULL,NULL,'2020-06-30',30,'ផ្ទេរ មកពី ទួលសង្កែរ',1,'2020-06-30 07:16:52','2020-06-30 07:16:52',NULL),(967,2,1,11,NULL,'2020-06-30',-30,NULL,1,'2020-06-30 07:18:54','2020-06-30 07:18:54',NULL),(968,19,1,NULL,NULL,'2020-06-30',-5,NULL,1,'2020-06-30 07:20:12','2020-06-30 07:20:28','2020-06-30 07:20:28'),(969,19,1,11,NULL,'2020-06-30',-5,NULL,1,'2020-06-30 07:20:41','2020-06-30 07:20:41',NULL),(970,10,1,11,NULL,'2020-06-30',-5,NULL,1,'2020-06-30 07:23:33','2020-06-30 07:23:33',NULL),(971,15,1,NULL,NULL,'2020-06-30',-160,'យៀនខ្ចី',1,'2020-06-30 07:25:16','2020-06-30 07:25:16',NULL),(972,7,1,NULL,NULL,'2020-07-01',-30,'ផ្ទេរ ទៅ No 55',3,'2020-07-01 07:12:12','2020-07-01 07:12:12',NULL),(973,7,3,NULL,NULL,'2020-07-01',30,'ផ្ទេរ មកពី ទួលសង្កែរ',3,'2020-07-01 07:12:12','2020-07-01 07:12:12',NULL),(974,8,1,NULL,NULL,'2020-07-01',26,'home 55',3,'2020-07-01 07:14:39','2020-07-01 07:14:39',NULL),(975,3,4,11,NULL,'2020-07-01',-8,NULL,3,'2020-07-01 08:36:44','2020-07-01 08:36:44',NULL),(976,3,4,11,NULL,'2020-06-29',-2,NULL,3,'2020-07-01 08:37:40','2020-07-01 08:37:40',NULL),(977,3,4,11,NULL,'2020-06-23',-5,NULL,3,'2020-07-01 08:39:08','2020-07-01 08:39:08',NULL),(978,1,1,11,NULL,'2020-07-01',-20,NULL,3,'2020-07-01 08:42:46','2020-07-01 08:42:46',NULL),(979,3,4,11,NULL,'2020-07-01',-8,NULL,3,'2020-07-01 13:25:56','2020-07-01 13:26:02','2020-07-01 13:26:02'),(980,2,1,NULL,10,'2020-07-02',80,NULL,3,'2020-07-02 01:42:00','2020-07-02 01:42:00',NULL),(981,2,1,3,NULL,'2020-07-02',-130,NULL,3,'2020-07-02 01:42:34','2020-07-02 01:42:34',NULL),(982,7,1,NULL,NULL,'2020-07-02',-30,'ផ្ទេរ ទៅ ផ្សារញ៉ែរ',3,'2020-07-02 06:55:16','2020-07-02 06:55:16',NULL),(983,7,4,NULL,NULL,'2020-07-02',30,'ផ្ទេរ មកពី ទួលសង្កែរ',3,'2020-07-02 06:55:16','2020-07-02 06:55:16',NULL),(984,2,4,NULL,3,'2020-07-02',30,NULL,3,'2020-07-02 06:55:59','2020-07-02 06:56:08','2020-07-02 06:56:08'),(985,2,4,11,NULL,'2020-07-02',-30,NULL,3,'2020-07-02 06:56:21','2020-07-02 06:56:21',NULL),(986,2,1,NULL,NULL,'2020-07-01',50,NULL,3,'2020-07-02 06:57:53','2020-07-02 06:57:53',NULL),(987,2,1,9,NULL,'2020-07-02',-50,NULL,3,'2020-07-02 06:58:31','2020-07-02 06:58:31',NULL),(988,2,1,11,NULL,'2020-07-02',-10,NULL,3,'2020-07-02 06:58:49','2020-07-02 06:58:49',NULL),(989,2,1,NULL,NULL,'2020-07-02',-15,'ប្រេសីដង់',3,'2020-07-02 06:59:41','2020-07-02 06:59:41',NULL),(990,10,1,NULL,3,'2020-07-02',5,NULL,3,'2020-07-02 07:00:57','2020-07-02 07:01:01','2020-07-02 07:01:01'),(991,10,1,11,NULL,'2020-07-02',-5,NULL,3,'2020-07-02 07:01:13','2020-07-02 07:01:13',NULL),(992,14,1,NULL,NULL,'2020-07-03',15,'thai',3,'2020-07-03 02:38:27','2020-07-03 02:38:27',NULL),(993,14,1,2,NULL,'2020-07-03',-2,NULL,3,'2020-07-03 02:38:41','2020-07-03 02:38:41',NULL),(994,2,1,NULL,10,'2020-07-03',90,NULL,3,'2020-07-03 02:39:04','2020-07-03 02:39:24',NULL),(995,2,1,3,NULL,'2020-07-03',-90,NULL,3,'2020-07-03 02:39:49','2020-07-03 02:39:49',NULL),(996,1,1,NULL,9,'2020-07-03',130,NULL,3,'2020-07-03 02:40:41','2020-07-03 02:40:41',NULL),(997,1,1,11,NULL,'2020-07-03',-20,NULL,3,'2020-07-03 02:40:52','2020-07-03 02:40:52',NULL),(998,7,1,1,NULL,'2020-07-03',-10,NULL,3,'2020-07-03 02:41:12','2020-07-03 02:41:12',NULL),(999,15,1,35,NULL,'2020-07-03',-200,NULL,3,'2020-07-03 02:41:35','2020-07-03 02:41:35',NULL),(1000,15,1,3,NULL,'2020-07-03',-50,NULL,3,'2020-07-03 02:41:43','2020-07-03 02:41:43',NULL),(1001,4,1,22,NULL,'2020-07-03',-20,NULL,3,'2020-07-03 02:42:24','2020-07-03 02:42:24',NULL),(1002,1,1,11,NULL,'2020-07-03',-10,NULL,1,'2020-07-03 06:18:10','2020-07-03 06:18:10',NULL),(1003,21,1,NULL,1,'2020-07-02',130,NULL,1,'2020-07-03 06:22:48','2020-07-03 06:22:48',NULL),(1004,21,1,NULL,1,'2020-07-03',90,NULL,1,'2020-07-03 06:23:03','2020-07-03 06:23:03',NULL),(1005,7,1,NULL,NULL,'2020-07-03',-20,'ផ្ទេរ ទៅ No 55',1,'2020-07-03 13:32:09','2020-07-03 13:32:09',NULL),(1006,7,3,NULL,NULL,'2020-07-03',20,'ផ្ទេរ មកពី ទួលសង្កែរ',1,'2020-07-03 13:32:09','2020-07-03 13:32:09',NULL),(1007,7,1,29,NULL,'2020-07-04',-5,NULL,1,'2020-07-03 13:34:03','2020-07-03 13:34:03',NULL),(1008,47,1,29,NULL,'2020-07-04',-5,NULL,1,'2020-07-03 13:34:46','2020-07-03 13:34:46',NULL),(1009,9,1,29,NULL,'2020-07-04',-1,NULL,1,'2020-07-03 13:35:59','2020-07-03 13:35:59',NULL),(1010,37,1,29,NULL,'2020-07-04',-1,NULL,1,'2020-07-03 13:38:20','2020-07-03 13:38:20',NULL),(1011,2,1,NULL,10,'2020-07-04',140,NULL,3,'2020-07-04 01:53:33','2020-07-04 01:53:33',NULL),(1012,2,1,3,NULL,'2020-07-04',-140,NULL,3,'2020-07-04 01:53:44','2020-07-04 01:53:44',NULL),(1013,9,1,42,NULL,'2020-07-04',-2,NULL,3,'2020-07-04 06:00:16','2020-07-04 06:00:16',NULL),(1014,45,1,42,NULL,'2020-07-04',-1,NULL,3,'2020-07-04 06:01:08','2020-07-04 06:01:08',NULL),(1015,2,1,11,NULL,'2020-07-04',-20,NULL,1,'2020-07-04 06:24:33','2020-07-04 06:24:33',NULL),(1016,2,5,NULL,NULL,'2020-07-04',-100,'ផ្ទេរ ទៅ ទួលសង្កែរ',1,'2020-07-04 06:25:09','2020-07-04 06:25:09',NULL),(1017,2,1,NULL,NULL,'2020-07-04',100,'ផ្ទេរ មកពី ទួលស្វាយព្រៃ',1,'2020-07-04 06:25:09','2020-07-04 06:25:09',NULL),(1018,1,1,11,NULL,'2020-07-03',-30,NULL,1,'2020-07-04 06:26:22','2020-07-04 06:26:22',NULL),(1019,1,1,11,NULL,'2020-07-04',-10,NULL,1,'2020-07-04 06:26:50','2020-07-04 06:26:50',NULL),(1020,24,1,2,NULL,'2020-06-29',-2,NULL,1,'2020-07-04 06:33:08','2020-07-04 06:33:08',NULL),(1021,45,1,NULL,NULL,'2020-07-04',3,NULL,1,'2020-07-04 06:34:43','2020-07-04 06:34:43',NULL),(1022,45,1,NULL,NULL,'2020-07-04',2,NULL,1,'2020-07-04 06:34:59','2020-07-04 06:34:59',NULL),(1023,46,1,NULL,NULL,'2020-07-04',-1,NULL,1,'2020-07-04 06:36:49','2020-07-04 06:36:49',NULL),(1024,42,1,NULL,NULL,'2020-07-04',-4,NULL,1,'2020-07-04 06:37:34','2020-07-04 06:37:47','2020-07-04 06:37:47'),(1025,42,1,NULL,NULL,'2020-07-04',-3,NULL,1,'2020-07-04 06:37:53','2020-07-04 06:37:53',NULL),(1026,42,1,NULL,NULL,'2020-07-04',-1,NULL,1,'2020-07-04 06:38:21','2020-07-04 06:38:21',NULL),(1027,45,1,42,NULL,'2020-07-04',-1,NULL,1,'2020-07-04 06:40:32','2020-07-04 06:40:32',NULL),(1028,2,1,47,NULL,'2020-07-05',-40,NULL,1,'2020-07-06 01:58:22','2020-07-06 01:58:22',NULL),(1029,2,1,NULL,NULL,'2020-07-06',50,NULL,1,'2020-07-06 01:58:39','2020-07-06 01:58:39',NULL),(1030,1,1,NULL,1,'2020-07-06',70,NULL,1,'2020-07-06 01:59:13','2020-07-06 01:59:17','2020-07-06 01:59:17'),(1031,1,1,3,NULL,'2020-07-06',-70,NULL,1,'2020-07-06 01:59:31','2020-07-06 01:59:31',NULL),(1032,21,1,NULL,NULL,'2020-07-06',35,'chom rerng thet',3,'2020-07-06 04:35:20','2020-07-06 04:35:20',NULL),(1033,26,1,1,NULL,'2020-07-06',-5,NULL,3,'2020-07-06 04:38:06','2020-07-06 04:38:06',NULL),(1034,26,1,4,NULL,'2020-07-06',-5,NULL,3,'2020-07-06 04:38:15','2020-07-06 04:38:15',NULL),(1035,7,1,4,NULL,'2020-07-06',-5,NULL,3,'2020-07-06 04:38:35','2020-07-06 04:38:35',NULL),(1036,12,1,NULL,NULL,'2020-07-06',-1,'unknown',3,'2020-07-06 04:38:59','2020-07-06 05:10:43',NULL),(1037,37,1,NULL,NULL,'2020-07-01',-5,'ផ្សារញែរ',1,'2020-07-06 10:31:33','2020-07-06 10:31:33',NULL),(1038,18,1,11,NULL,'2020-07-01',-3,NULL,1,'2020-07-06 10:34:10','2020-07-06 10:34:10',NULL),(1039,18,1,5,NULL,'2020-06-26',-1,NULL,1,'2020-07-06 10:37:32','2020-07-06 10:37:32',NULL),(1040,13,1,NULL,NULL,'2020-07-01',10,NULL,1,'2020-07-06 10:41:31','2020-07-06 10:41:31',NULL),(1041,29,1,11,NULL,'2020-07-01',-13,NULL,1,'2020-07-06 10:42:49','2020-07-06 10:42:49',NULL),(1042,5,1,NULL,NULL,'2020-07-01',50,NULL,1,'2020-07-06 10:43:50','2020-07-06 10:43:50',NULL),(1043,7,1,11,NULL,'2020-07-04',-9,NULL,1,'2020-07-06 10:44:53','2020-07-06 10:44:53',NULL),(1044,10,1,NULL,NULL,'2020-06-06',40,NULL,1,'2020-07-06 10:47:55','2020-07-06 10:47:55',NULL),(1045,9,1,11,NULL,'2020-07-06',-2,NULL,1,'2020-07-06 10:54:22','2020-07-06 10:54:22',NULL),(1046,2,1,NULL,NULL,'2020-07-07',50,NULL,3,'2020-07-07 07:11:08','2020-07-07 07:11:08',NULL),(1047,7,1,NULL,NULL,'2020-07-07',-39,NULL,3,'2020-07-07 07:14:52','2020-07-07 07:14:52',NULL),(1048,2,1,3,NULL,'2020-07-07',-140,NULL,3,'2020-07-07 07:25:00','2020-07-07 07:25:00',NULL),(1049,10,1,11,NULL,'2020-07-07',-1,NULL,3,'2020-07-07 07:25:54','2020-07-07 07:25:54',NULL),(1050,7,4,NULL,NULL,'2020-07-07',39,'T S',3,'2020-07-07 07:27:28','2020-07-07 07:27:28',NULL),(1051,47,4,NULL,NULL,'2020-07-07',-5,'ផ្ទេរ ទៅ ទួលសង្កែរ',3,'2020-07-07 07:28:52','2020-07-07 07:28:52',NULL),(1052,47,1,NULL,NULL,'2020-07-07',5,'ផ្ទេរ មកពី ផ្សារញ៉ែរ',3,'2020-07-07 07:28:52','2020-07-07 07:28:52',NULL),(1053,26,1,11,NULL,'2020-06-22',-5,NULL,1,'2020-07-07 13:17:28','2020-07-07 13:17:28',NULL),(1054,26,1,5,NULL,'2020-06-22',-3,NULL,1,'2020-07-07 13:19:51','2020-07-07 13:19:51',NULL),(1055,10,1,5,NULL,'2020-06-26',-1,NULL,1,'2020-07-07 13:21:49','2020-07-07 13:21:49',NULL),(1056,37,1,5,NULL,'2020-06-26',-1,NULL,1,'2020-07-07 13:25:12','2020-07-07 13:25:12',NULL),(1057,1,1,NULL,9,'2020-07-07',400,NULL,3,'2020-07-08 01:41:51','2020-07-08 01:41:51',NULL),(1058,1,1,35,NULL,'2020-07-07',-150,NULL,3,'2020-07-08 01:44:32','2020-07-08 03:14:53','2020-07-08 03:14:53'),(1059,9,1,2,NULL,'2020-07-07',-1,NULL,3,'2020-07-08 01:47:43','2020-07-08 01:47:43',NULL),(1060,14,1,2,NULL,'2020-07-07',-2,NULL,3,'2020-07-08 01:48:06','2020-07-08 01:48:06',NULL),(1061,24,1,2,NULL,'2020-07-07',-2,NULL,3,'2020-07-08 01:48:42','2020-07-08 01:48:42',NULL),(1062,30,1,2,NULL,'2020-07-07',-1,NULL,3,'2020-07-08 01:49:04','2020-07-08 01:49:04',NULL),(1063,1,1,35,NULL,'2020-07-08',-200,NULL,3,'2020-07-08 03:14:36','2020-07-08 03:14:36',NULL),(1064,1,1,35,NULL,'2020-07-08',-150,NULL,3,'2020-07-08 03:15:05','2020-07-08 03:15:05',NULL),(1065,14,1,42,NULL,'2020-07-08',-3,NULL,3,'2020-07-08 05:38:50','2020-07-08 05:38:50',NULL),(1066,24,1,42,NULL,'2020-07-08',-3,NULL,3,'2020-07-08 05:41:07','2020-07-08 05:41:07',NULL),(1067,1,1,11,NULL,'2020-07-08',-50,NULL,3,'2020-07-08 06:57:23','2020-07-08 06:57:23',NULL),(1068,47,1,2,NULL,'2020-07-08',-3,NULL,3,'2020-07-08 07:44:27','2020-07-08 07:44:27',NULL),(1069,2,4,11,NULL,'2020-07-07',-40,NULL,1,'2020-07-08 09:33:02','2020-07-08 09:33:02',NULL),(1070,2,1,NULL,10,'2020-07-09',160,NULL,3,'2020-07-09 02:44:41','2020-07-09 02:44:41',NULL),(1071,2,1,3,NULL,'2020-07-09',-160,NULL,3,'2020-07-09 02:44:54','2020-07-09 02:44:54',NULL),(1072,2,1,11,NULL,'2020-07-09',-25,NULL,1,'2020-07-09 08:26:42','2020-07-09 08:26:42',NULL),(1073,21,1,NULL,1,'2020-07-04',140,NULL,1,'2020-07-09 08:29:23','2020-07-09 08:29:23',NULL),(1074,21,1,NULL,NULL,'2020-07-04',-50,'Mabខ្វះ',1,'2020-07-09 08:30:07','2020-07-09 08:30:07',NULL),(1075,21,1,11,NULL,'2020-07-04',-50,NULL,1,'2020-07-09 08:30:33','2020-07-09 08:30:33',NULL),(1076,21,1,NULL,NULL,'2020-07-06',-250,'Skd',1,'2020-07-09 08:31:15','2020-07-09 08:31:15',NULL),(1077,21,1,11,NULL,'2020-07-06',-45,NULL,1,'2020-07-09 08:32:09','2020-07-09 08:32:09',NULL),(1078,21,1,NULL,1,'2020-07-06',140,NULL,1,'2020-07-09 08:37:24','2020-07-09 08:37:24',NULL),(1079,21,1,NULL,NULL,'2020-07-06',15,'Mabសង',1,'2020-07-09 08:37:39','2020-07-09 08:37:39',NULL),(1080,21,1,NULL,2,'2020-07-06',350,NULL,1,'2020-07-09 08:37:58','2020-07-09 08:37:58',NULL),(1081,21,1,11,NULL,'2020-07-08',-200,NULL,1,'2020-07-09 08:38:24','2020-07-09 08:38:24',NULL),(1082,21,1,NULL,NULL,'2020-07-08',-143,'Mabប៊ៀរខ្វះ',1,'2020-07-09 08:39:59','2020-07-09 08:39:59',NULL),(1083,21,1,NULL,1,'2020-07-09',160,NULL,1,'2020-07-09 08:40:20','2020-07-09 08:40:20',NULL),(1084,21,1,11,NULL,'2020-07-09',-100,NULL,1,'2020-07-09 08:40:50','2020-07-09 08:40:50',NULL),(1085,7,1,5,NULL,'2020-06-06',-5,NULL,1,'2020-07-09 08:42:55','2020-07-09 08:42:55',NULL),(1086,7,1,5,NULL,'2020-06-26',-5,NULL,1,'2020-07-09 08:46:58','2020-07-09 08:46:58',NULL),(1087,9,4,NULL,NULL,'2020-07-09',10,NULL,1,'2020-07-09 08:47:47','2020-07-09 08:47:47',NULL),(1088,37,4,NULL,NULL,'2020-07-09',10,NULL,1,'2020-07-09 08:48:12','2020-07-09 08:48:12',NULL),(1089,2,4,47,NULL,'2020-07-09',-50,NULL,1,'2020-07-09 08:48:55','2020-07-09 08:48:55',NULL),(1090,2,1,NULL,10,'2020-07-10',160,NULL,3,'2020-07-10 01:49:07','2020-07-10 01:49:07',NULL),(1091,2,1,3,NULL,'2020-07-10',-160,NULL,3,'2020-07-10 01:49:19','2020-07-10 01:49:19',NULL),(1092,15,1,3,NULL,'2020-07-10',-50,NULL,3,'2020-07-10 02:05:03','2020-07-10 02:05:03',NULL),(1093,7,1,29,NULL,'2020-07-10',-5,NULL,3,'2020-07-10 07:15:14','2020-07-10 07:15:14',NULL),(1094,47,1,29,NULL,'2020-07-10',-5,NULL,3,'2020-07-10 07:15:31','2020-07-10 07:15:31',NULL),(1095,9,1,29,NULL,'2020-07-10',-1,NULL,3,'2020-07-10 07:15:48','2020-07-10 07:15:48',NULL),(1096,42,1,29,NULL,'2020-07-10',-1,NULL,3,'2020-07-10 07:16:05','2020-07-10 07:16:05',NULL),(1097,1,1,NULL,9,'2020-07-09',200,NULL,3,'2020-07-10 12:56:50','2020-07-10 12:56:50',NULL),(1098,1,1,35,NULL,'2020-07-09',-200,NULL,3,'2020-07-10 12:57:06','2020-07-10 12:57:06',NULL),(1099,1,1,NULL,8,'2020-07-10',200,NULL,3,'2020-07-10 12:58:21','2020-07-10 12:58:21',NULL),(1100,1,1,35,NULL,'2020-07-10',-150,NULL,3,'2020-07-10 12:58:34','2020-07-10 12:58:34',NULL),(1101,1,1,NULL,NULL,'2020-07-10',-20,NULL,3,'2020-07-10 12:58:44','2020-07-10 12:58:44',NULL),(1102,15,1,11,NULL,'2020-07-10',-5,NULL,3,'2020-07-10 12:59:16','2020-07-10 12:59:16',NULL),(1103,3,4,11,NULL,'2020-07-10',-2,NULL,3,'2020-07-11 01:58:38','2020-07-11 01:58:38',NULL),(1104,2,5,NULL,NULL,'2020-07-11',-100,'ផ្ទេរ ទៅ ទួលសង្កែរ',3,'2020-07-11 07:22:57','2020-07-11 07:22:57',NULL),(1105,2,1,NULL,NULL,'2020-07-11',100,'ផ្ទេរ មកពី ទួលស្វាយព្រៃ',3,'2020-07-11 07:22:57','2020-07-11 07:22:57',NULL),(1106,47,1,NULL,NULL,'2020-07-11',70,NULL,3,'2020-07-11 07:24:54','2020-07-11 07:24:54',NULL),(1107,47,1,NULL,NULL,'2020-07-11',-30,'ផ្ទេរ ទៅ ផ្សារញ៉ែរ',3,'2020-07-11 07:25:28','2020-07-11 07:25:28',NULL),(1108,47,4,NULL,NULL,'2020-07-11',30,'ផ្ទេរ មកពី ទួលសង្កែរ',3,'2020-07-11 07:25:28','2020-07-11 07:25:28',NULL),(1109,6,1,NULL,NULL,'2020-07-11',-10,'ផ្ទេរ ទៅ ផ្សារញ៉ែរ',3,'2020-07-11 07:25:56','2020-07-11 07:25:56',NULL),(1110,6,4,NULL,NULL,'2020-07-11',10,'ផ្ទេរ មកពី ទួលសង្កែរ',3,'2020-07-11 07:25:56','2020-07-11 07:25:56',NULL),(1111,21,1,NULL,NULL,'2020-07-11',-100,'ផ្ទេរ ទៅ ផ្សារញ៉ែរ',3,'2020-07-11 07:27:16','2020-07-11 07:27:16',NULL),(1112,21,4,NULL,NULL,'2020-07-11',100,'ផ្ទេរ មកពី ទួលសង្កែរ',3,'2020-07-11 07:27:16','2020-07-11 07:27:16',NULL),(1113,3,4,45,NULL,'2020-07-11',-20,NULL,3,'2020-07-11 07:44:17','2020-07-11 07:44:17',NULL),(1114,1,1,NULL,8,'2020-07-11',166,NULL,3,'2020-07-11 10:32:41','2020-07-11 10:32:41',NULL),(1115,1,1,NULL,9,'2020-07-11',200,NULL,3,'2020-07-11 10:32:56','2020-07-11 10:32:56',NULL),(1116,1,1,35,NULL,'2020-07-11',-200,NULL,3,'2020-07-11 10:33:13','2020-07-11 10:33:13',NULL),(1117,2,1,NULL,NULL,'2020-07-12',-20,NULL,1,'2020-07-12 01:35:22','2020-07-12 01:35:22',NULL),(1118,1,1,11,NULL,'2020-07-12',-20,NULL,1,'2020-07-12 01:36:01','2020-07-12 01:36:01',NULL),(1119,21,1,NULL,2,'2020-07-09',100,NULL,1,'2020-07-12 01:38:56','2020-07-12 01:38:56',NULL),(1120,21,1,NULL,NULL,'2020-07-09',114,'ប៊ៀរសង',1,'2020-07-12 01:39:25','2020-07-12 01:39:25',NULL),(1121,21,1,NULL,NULL,'2020-07-09',60,NULL,1,'2020-07-12 01:40:22','2020-07-12 01:40:22',NULL),(1122,21,1,NULL,3,'2020-07-09',5,NULL,1,'2020-07-12 01:40:51','2020-07-12 01:40:51',NULL),(1123,21,1,NULL,2,'2020-07-10',250,NULL,1,'2020-07-12 01:41:42','2020-07-12 01:41:42',NULL),(1124,21,1,NULL,1,'2020-07-10',160,NULL,1,'2020-07-12 01:41:55','2020-07-12 01:41:55',NULL),(1125,21,1,NULL,NULL,'2020-07-10',10,'Mabសង',1,'2020-07-12 01:42:17','2020-07-12 01:42:17',NULL),(1126,21,1,NULL,NULL,'2020-07-10',-50,'ប៊ៀរខ្វៈ',1,'2020-07-12 01:42:47','2020-07-12 01:42:47',NULL),(1127,21,1,NULL,2,'2020-07-11',200,NULL,1,'2020-07-12 01:43:10','2020-07-12 01:43:10',NULL),(1128,21,1,NULL,NULL,'2020-07-11',-100,'ញ៉ែរ',1,'2020-07-12 01:43:51','2020-07-12 01:43:51',NULL),(1129,21,1,NULL,NULL,'2020-07-12',-100,NULL,1,'2020-07-12 01:44:09','2020-07-12 01:44:09',NULL),(1130,21,1,11,NULL,'2020-07-13',-100,NULL,3,'2020-07-13 07:34:17','2020-07-13 07:34:17',NULL),(1131,6,1,11,NULL,'2020-07-13',-5,NULL,3,'2020-07-13 07:34:57','2020-07-13 07:34:57',NULL),(1132,47,1,11,NULL,'2020-07-13',-10,NULL,3,'2020-07-13 07:35:25','2020-07-13 07:35:25',NULL),(1133,2,1,NULL,NULL,'2020-07-13',50,NULL,1,'2020-07-13 12:31:21','2020-07-13 12:31:21',NULL),(1134,2,1,3,NULL,'2020-07-13',-50,NULL,1,'2020-07-13 12:31:34','2020-07-13 12:31:34',NULL),(1135,1,1,35,NULL,'2020-07-13',-170,NULL,1,'2020-07-13 12:32:12','2020-07-13 12:32:12',NULL),(1136,1,1,NULL,8,'2020-07-13',190,NULL,1,'2020-07-13 12:32:23','2020-07-13 12:32:23',NULL),(1137,1,1,35,NULL,'2020-07-13',-100,NULL,1,'2020-07-13 12:33:03','2020-07-13 12:33:03',NULL),(1138,7,1,4,NULL,'2020-07-13',-6,NULL,1,'2020-07-13 12:35:32','2020-07-13 12:35:44','2020-07-13 12:35:44'),(1139,7,1,5,NULL,'2020-07-13',-6,NULL,1,'2020-07-13 12:36:03','2020-07-13 12:36:03',NULL),(1140,37,1,5,NULL,'2020-07-13',-1,NULL,1,'2020-07-13 12:45:44','2020-07-13 12:45:44',NULL),(1141,4,1,22,NULL,'2020-07-13',-20,NULL,1,'2020-07-13 12:46:15','2020-07-13 12:46:15',NULL),(1142,15,1,35,NULL,'2020-07-11',-200,NULL,1,'2020-07-13 12:47:36','2020-07-13 12:47:36',NULL),(1143,15,1,11,NULL,'2020-07-12',-5,NULL,1,'2020-07-13 12:48:57','2020-07-13 12:48:57',NULL),(1144,15,1,NULL,NULL,'2020-07-13',160,'យៀនសង',1,'2020-07-13 12:49:27','2020-07-13 12:49:27',NULL),(1145,5,1,22,NULL,'2020-07-13',-10,NULL,1,'2020-07-13 12:50:14','2020-07-13 12:50:14',NULL);
/*!40000 ALTER TABLE `inventories` ENABLE KEYS */;
UNLOCK TABLES;
DROP TABLE IF EXISTS `locations`;
/*!40101 SET @saved_cs_client     = @@character_set_client */;
/*!40101 SET character_set_client = utf8 */;
CREATE TABLE `locations` (
  `id` int(10) unsigned NOT NULL AUTO_INCREMENT,
  `name` varchar(255) COLLATE utf8mb4_unicode_ci NOT NULL,
  `status` enum('active','inactive') COLLATE utf8mb4_unicode_ci NOT NULL DEFAULT 'active',
  `created_at` timestamp NULL DEFAULT NULL,
  `updated_at` timestamp NULL DEFAULT NULL,
  PRIMARY KEY (`id`),
  UNIQUE KEY `locations_name_unique` (`name`)
) ENGINE=InnoDB AUTO_INCREMENT=6 DEFAULT CHARSET=utf8mb4 COLLATE=utf8mb4_unicode_ci;
/*!40101 SET character_set_client = @saved_cs_client */;

LOCK TABLES `locations` WRITE;
/*!40000 ALTER TABLE `locations` DISABLE KEYS */;
INSERT INTO `locations` VALUES (1,'ទួលសង្កែរ','active','2020-03-07 05:25:32','2020-03-07 05:25:32'),(2,'No 152','active','2020-03-07 05:25:32','2020-03-07 05:25:32'),(3,'No 55','active','2020-03-07 05:25:32','2020-03-07 05:25:32'),(4,'ផ្សារញ៉ែរ','active','2020-03-07 05:25:32','2020-03-07 05:25:32'),(5,'ទួលស្វាយព្រៃ','active','2020-03-07 05:25:32','2020-03-07 05:25:32');
/*!40000 ALTER TABLE `locations` ENABLE KEYS */;
UNLOCK TABLES;
DROP TABLE IF EXISTS `migrations`;
/*!40101 SET @saved_cs_client     = @@character_set_client */;
/*!40101 SET character_set_client = utf8 */;
CREATE TABLE `migrations` (
  `id` int(10) unsigned NOT NULL AUTO_INCREMENT,
  `migration` varchar(255) COLLATE utf8mb4_unicode_ci NOT NULL,
  `batch` int(11) NOT NULL,
  PRIMARY KEY (`id`)
) ENGINE=InnoDB AUTO_INCREMENT=11 DEFAULT CHARSET=utf8mb4 COLLATE=utf8mb4_unicode_ci;
/*!40101 SET character_set_client = @saved_cs_client */;

LOCK TABLES `migrations` WRITE;
/*!40000 ALTER TABLE `migrations` DISABLE KEYS */;
INSERT INTO `migrations` VALUES (1,'2014_10_12_000000_create_users_table',1),(3,'2020_02_27_150500_create_products_table',1),(4,'2020_02_27_150926_create_inventories_table',1),(5,'2020_02_27_150958_create_locations_table',1),(6,'2020_03_02_103601_create_customers_table',1),(7,'2020_03_28_051723_add_foreign_keys_to_inventories_table',1),(8,'2020_04_23_180808_create_suppliers_table',2),(9,'2020_04_23_182625_add_supplier_id_to_inventories_table',2),(10,'2020_05_02_110926_create_archives_table',3);
/*!40000 ALTER TABLE `migrations` ENABLE KEYS */;
UNLOCK TABLES;
DROP TABLE IF EXISTS `products`;
/*!40101 SET @saved_cs_client     = @@character_set_client */;
/*!40101 SET character_set_client = utf8 */;
CREATE TABLE `products` (
  `id` int(10) unsigned NOT NULL AUTO_INCREMENT,
  `name` varchar(255) COLLATE utf8mb4_unicode_ci NOT NULL,
  `khmer` varchar(255) COLLATE utf8mb4_unicode_ci NOT NULL,
  `low_stock_warning` int(11) NOT NULL DEFAULT '-1',
  `status` enum('active','inactive') COLLATE utf8mb4_unicode_ci NOT NULL DEFAULT 'active',
  `created_at` timestamp NULL DEFAULT NULL,
  `updated_at` timestamp NULL DEFAULT NULL,
  PRIMARY KEY (`id`),
  UNIQUE KEY `products_name_unique` (`name`),
  UNIQUE KEY `products_khmer_unique` (`khmer`)
) ENGINE=InnoDB AUTO_INCREMENT=48 DEFAULT CHARSET=utf8mb4 COLLATE=utf8mb4_unicode_ci;
/*!40101 SET character_set_client = @saved_cs_client */;

LOCK TABLES `products` WRITE;
/*!40000 ALTER TABLE `products` DISABLE KEYS */;
INSERT INTO `products` VALUES (1,'Alcohol','ស្រាល្អ',50,'active','2020-03-07 05:25:32','2020-03-07 05:25:32'),(2,'Alcohol SKD','ស្រា SKD',50,'active','2020-03-07 05:25:32','2020-03-07 05:25:32'),(3,'Methanol(E 100)','អាល់កុលគីមី',20,'active','2020-03-07 05:25:32','2020-03-07 05:25:32'),(4,'Hydrogen Peroxide(Oci 50%)','អូសុី',30,'active','2020-03-07 05:25:32','2020-03-07 05:25:32'),(5,'Ammonia','អាម៉ូញាក់',40,'active','2020-03-07 05:25:32','2020-03-07 05:25:32'),(6,'Citric Acid','មេជូ',40,'active','2020-03-07 05:25:32','2020-03-07 05:25:32'),(7,'CMC','ស៊ីអឹមស៊ី',10,'active','2020-03-07 05:25:32','2020-03-07 05:25:32'),(8,'Sodium Bicarbonate','សូដាត្រជាក់',20,'active','2020-03-07 05:25:32','2020-03-07 05:25:32'),(9,'Sodium Benzoate (Thai)','ការពារថៃ',10,'active','2020-03-07 05:25:32','2020-03-07 05:25:32'),(10,'Sodium Benzoate (China)','ការពារចិន',50,'active','2020-03-07 05:25:32','2020-03-07 05:25:32'),(11,'Sodium Benzoate (US)','ការពារអាមេរិច',5,'active','2020-03-07 05:25:32','2020-03-07 05:25:32'),(12,'Sodium Saccharin','ស្ករគ្រាប់ចិន I',4,'active','2020-03-07 05:25:32','2020-03-07 05:25:32'),(13,'Malic Acid','ជូប៉ម',5,'active','2020-03-07 05:25:33','2020-03-07 05:25:33'),(14,'Clouding Agent (France)','ទឹកល្អក់បារាំង',8,'active','2020-03-07 05:25:33','2020-03-07 05:25:33'),(15,'NaOH','ស៊ូត',160,'active','2020-03-07 05:25:33','2020-03-07 05:25:33'),(16,'Dextrose','ស្ករដិចស្តូស',60,'active','2020-03-07 05:25:33','2020-03-07 05:25:33'),(17,'PAC','ផេក',40,'active','2020-03-07 05:25:33','2020-03-07 05:25:33'),(18,'Caramel 4400','ពណ៌ ៤៤០០',25,'active','2020-03-07 05:25:33','2020-03-07 05:25:33'),(19,'HCL','អាស៊ីតលឿង',10,'active','2020-03-07 05:25:33','2020-03-07 05:25:33'),(20,'Glycerin','រក្សាក្លិន',30,'active','2020-03-07 05:25:33','2020-03-07 05:25:33'),(21,'Alcohol Container','សំបកកានអាល់កុល',400,'active','2020-03-07 05:25:33','2020-03-07 05:25:33'),(22,'Alcohol Container (HP)','សំបកកាន HP',200,'active','2020-03-07 05:25:33','2020-03-07 05:25:33'),(23,'Caramel AAA','ពណ៌ AAA',20,'active','2020-03-07 05:25:33','2020-03-07 05:25:33'),(24,'Orange Emulsion','ក្រូចខាប់',7,'active','2020-03-07 05:25:33','2020-03-07 05:25:33'),(25,'Acid Acetic','មេទឹកខ្មេះ',8,'active','2020-03-07 05:25:33','2020-03-07 05:25:33'),(26,'Sodium Cyclamate','ស្ករអំពៅ',20,'active','2020-03-07 05:25:33','2020-03-07 05:25:33'),(27,'Phosphoric Acid 85%','អាស៊ីតផូស្វរិច',7,'active','2020-03-07 05:25:33','2020-03-07 05:25:33'),(28,'Aluminum Sulfate','សាច់ជូ',5,'active','2020-03-07 05:25:33','2020-03-07 05:25:33'),(29,'Tri-sodium citrate','ជំនួយហ្គាស',8,'active','2020-03-07 05:25:33','2020-03-07 05:25:33'),(30,'Strawberry NO 2 (20Kg)','ស្ត្រប៊ីរី II',4,'active','2020-03-07 05:25:33','2020-03-07 05:25:33'),(31,'Mixed Fruit (20Kg)','គោជល់',4,'active','2020-03-07 05:25:33','2020-03-07 05:25:33'),(32,'Orange Crush No1 (20Kg)','ក្រូចរាវ I',4,'active','2020-03-07 05:25:33','2020-03-07 05:25:33'),(33,'Pineapple No1 (20Kg)','ម្នាស់ I',4,'active','2020-03-07 05:25:33','2020-03-07 05:25:33'),(34,'Cola Flavor (20Kg)','កូឡា',4,'active','2020-03-07 05:25:33','2020-03-07 05:25:33'),(35,'Grape SDF1183 (20Kg)','ទំពាំងបាយជូ',4,'active','2020-03-07 05:25:33','2020-03-07 05:25:33'),(36,'Lemon No1 (20Kg)','ឡឺម៉ុង',4,'active','2020-03-07 05:25:33','2020-03-07 05:25:33'),(37,'Amyl Acetate (25Kg)','ក្លិនទឹកចេក',4,'active','2020-03-07 05:25:33','2020-03-07 05:25:33'),(38,'Best One (25Kg)','ម្សៅស្វិត',5,'active','2020-03-07 05:25:33','2020-03-07 05:25:33'),(39,'Baking Powder','ម្សៅនំ',4,'active','2020-03-07 05:25:33','2020-03-07 05:25:33'),(41,'NS9 Lemon Yellow Colour','លក្ខ័លឿង',4,'active','2020-03-07 05:25:33','2020-03-07 05:25:33'),(42,'NS18 Red Colour','លក្ខ័ស៊ីរ៉ូក្រហម',4,'active','2020-03-07 05:25:33','2020-03-07 05:25:33'),(43,'NS5 Orange Red Colour','លក្ខ័ក្រូច',4,'active','2020-03-07 05:25:33','2020-03-07 05:25:33'),(44,'Phosphate Mix','មិចផូស្វាត',5,'active','2020-03-07 05:25:33','2020-03-07 05:25:33'),(45,'NS4 Green Colour No1','លក្ខ័បៃតង (1)',4,'active','2020-04-14 02:16:41','2020-04-14 02:16:41'),(46,'NS4 Green Colour No2','លក្ខ័បៃតង (2)',4,'active','2020-04-14 02:16:41','2020-04-14 02:16:41'),(47,'Qing Tian Su (sweeteners)','ស្ករម៉ត់ (តុក្កតា)',4,'active','2020-04-18 13:34:14','2020-04-18 13:34:14');
/*!40000 ALTER TABLE `products` ENABLE KEYS */;
UNLOCK TABLES;
DROP TABLE IF EXISTS `suppliers`;
/*!40101 SET @saved_cs_client     = @@character_set_client */;
/*!40101 SET character_set_client = utf8 */;
CREATE TABLE `suppliers` (
  `id` int(10) unsigned NOT NULL AUTO_INCREMENT,
  `name` varchar(255) COLLATE utf8mb4_unicode_ci NOT NULL,
  `khmer` varchar(255) COLLATE utf8mb4_unicode_ci DEFAULT NULL,
  `status` enum('active','inactive') COLLATE utf8mb4_unicode_ci NOT NULL DEFAULT 'active',
  `created_at` timestamp NULL DEFAULT NULL,
  `updated_at` timestamp NULL DEFAULT NULL,
  PRIMARY KEY (`id`),
  UNIQUE KEY `suppliers_name_unique` (`name`),
  UNIQUE KEY `suppliers_khmer_unique` (`khmer`)
) ENGINE=InnoDB AUTO_INCREMENT=16 DEFAULT CHARSET=utf8mb4 COLLATE=utf8mb4_unicode_ci;
/*!40101 SET character_set_client = @saved_cs_client */;

LOCK TABLES `suppliers` WRITE;
/*!40000 ALTER TABLE `suppliers` DISABLE KEYS */;
INSERT INTO `suppliers` VALUES (1,'Hea Mab','ហ៊ាម៉ាប់','active','2020-04-28 10:41:03','2020-04-28 10:41:03'),(2,'Hea Mab Beer','ហ៊ាម៉ាប់ បៀរ','active','2020-04-28 10:41:03','2020-04-28 10:41:03'),(3,'Home','ផ្ទះ','active','2020-04-28 10:41:03','2020-04-28 10:41:03'),(4,'Kbal Thnol','ក្បាលថ្នល់','active','2020-04-28 10:41:03','2020-04-28 10:41:03'),(5,'Prei Thea','ព្រៃទារ','active','2020-04-28 10:41:03','2020-04-28 10:41:03'),(6,'Ko Ma Pich','កុមារពេជ្រ','active','2020-04-28 10:41:03','2020-04-28 10:41:03'),(7,'MD','អឹមដេរ','active','2020-04-28 10:41:03','2020-04-28 10:41:03'),(8,'Dom Rei','ដំរី','active','2020-05-04 14:03:21','2020-05-04 14:03:21'),(9,'Prek Sdei','ព្រែកស្តី','active','2020-05-04 14:03:21','2020-05-04 14:03:21'),(10,'SKD',NULL,'active','2020-05-04 14:03:21','2020-05-04 14:03:21'),(11,'E Nerng','អុីនឿង','active','2020-06-05 05:31:21','2020-06-05 05:31:21'),(12,'Teng','តឹង','active','2020-06-05 05:31:21','2020-06-05 05:31:21'),(13,'Heng Heng','ហេងហេង','active','2020-06-05 05:31:21','2020-06-05 05:31:21'),(14,'Hea Porl','ហ៊ាផល','active','2020-06-05 05:31:21','2020-06-05 05:31:21'),(15,'VN','វៀតណាម','active','2020-06-05 05:31:21','2020-06-05 05:31:21');
/*!40000 ALTER TABLE `suppliers` ENABLE KEYS */;
UNLOCK TABLES;
DROP TABLE IF EXISTS `users`;
/*!40101 SET @saved_cs_client     = @@character_set_client */;
/*!40101 SET character_set_client = utf8 */;
CREATE TABLE `users` (
  `id` int(10) unsigned NOT NULL AUTO_INCREMENT,
  `name` varchar(255) COLLATE utf8mb4_unicode_ci NOT NULL,
  `email` varchar(255) COLLATE utf8mb4_unicode_ci NOT NULL,
  `password` varchar(255) COLLATE utf8mb4_unicode_ci NOT NULL,
  `api_token` varchar(80) COLLATE utf8mb4_unicode_ci DEFAULT NULL,
  `registered_at` datetime DEFAULT NULL,
  `created_at` timestamp NULL DEFAULT NULL,
  `updated_at` timestamp NULL DEFAULT NULL,
  PRIMARY KEY (`id`),
  UNIQUE KEY `users_email_unique` (`email`),
  UNIQUE KEY `users_api_token_unique` (`api_token`)
) ENGINE=InnoDB AUTO_INCREMENT=5 DEFAULT CHARSET=utf8mb4 COLLATE=utf8mb4_unicode_ci;
/*!40101 SET character_set_client = @saved_cs_client */;

LOCK TABLES `users` WRITE;
/*!40000 ALTER TABLE `users` DISABLE KEYS */;
INSERT INTO `users` VALUES (1,'Kea','kea','$2y$10$asBdPVbuclYgKzqE.QMgjuLHV/4J8M/KF.czgUWK4x8c8zAJf6bV.','tfT0eCIRt4ZXdtN7tpsRcO4zvPCE4Rg52HZtaYOokd3DXBMGS1cJ5rLoiux9','2020-03-07 12:25:32','2020-03-07 05:25:32','2020-05-25 10:58:49'),(2,'Tey','tey','$2y$10$cavq/hy96.hbS07kuA/3IuADpvrhW8ToNZjf/nAE9yebtUaJATBbC','YHTKa0HggwuIBaQliKy8eLuGlV1zxAYuEqBr0XbmEQD3rlbXYyFLF46Z3ZWw','2020-03-07 12:25:32','2020-03-07 05:25:32','2020-05-25 10:58:54'),(3,'Lin','lin','$2y$10$pQfuRCZBciibTkuqCS6NWuuy5ERwjHLg4YV791n96AADiQJYjum8a','jfVF2usA4IkfgZA2f2wWWMeqOhbvIRzuCD1RB7a1MIIy8Jd7p1biIJjgsffL','2020-03-07 12:25:32','2020-03-07 05:25:32','2020-05-25 10:58:58'),(4,'Nha','nha','$2y$10$RA/O5pOMw7YsUCMdyN9jwu3L7zs9pShqA/y1iAgw/BLVOTBpy32Ju','FW4oF2eE0WeabBE3pzGF5wScCcYpZRIKKgVp7cSLyyGX7fzY84KNOxYqeBwZ','2020-03-07 12:25:32','2020-03-07 05:25:32','2020-05-25 11:10:41');
/*!40000 ALTER TABLE `users` ENABLE KEYS */;
UNLOCK TABLES;
/*!40103 SET TIME_ZONE=@OLD_TIME_ZONE */;

/*!40101 SET SQL_MODE=@OLD_SQL_MODE */;
/*!40014 SET FOREIGN_KEY_CHECKS=@OLD_FOREIGN_KEY_CHECKS */;
/*!40014 SET UNIQUE_CHECKS=@OLD_UNIQUE_CHECKS */;
/*!40101 SET CHARACTER_SET_CLIENT=@OLD_CHARACTER_SET_CLIENT */;
/*!40101 SET CHARACTER_SET_RESULTS=@OLD_CHARACTER_SET_RESULTS */;
/*!40101 SET COLLATION_CONNECTION=@OLD_COLLATION_CONNECTION */;
/*!40111 SET SQL_NOTES=@OLD_SQL_NOTES */;

